corr_id,src_ledger_id,src_agent_raw,canonical_agent,linked_bounty_id,corr_delta,corr_linked,corr_reason
CORR528,528,caishen:disability,caishen:disability,b-test-daemon-001,-10,b-test-daemon-001.dedup,dedup:528
CORR5616,5616,kairos,kairos,b-01e58365889c,-30,b-01e58365889c.dedup,dedup:5616
CORR2828,2828,kairos,kairos,b-02977d7c0b3a,-10,b-02977d7c0b3a.dedup,dedup:2828
CORR2442,2442,kairos,kairos,b-04f71f1dd969,-20,b-04f71f1dd969.dedup,dedup:2442
CORR5831,5831,kairos,kairos,b-0534f41a6c1b,-30,b-0534f41a6c1b.dedup,dedup:5831
CORR5878,5878,kairos,kairos,b-06e9b9a8011e,-30,b-06e9b9a8011e.dedup,dedup:5878
CORR859,859,kairos,kairos,b-084a03f7a166,-50,b-084a03f7a166.dedup,dedup:859
CORR3431,3431,kairos,kairos,b-096c629cc1dd,-10,b-096c629cc1dd.dedup,dedup:3431
CORR2415,2415,kairos,kairos,b-0a932d897c2e,-20,b-0a932d897c2e.dedup,dedup:2415
CORR4205,4205,kairos,kairos,b-0b5babcb8924,-30,b-0b5babcb8924.dedup,dedup:4205
CORR4741,4741,kairos,kairos,b-0d156c3ba5cb,-30,b-0d156c3ba5cb.dedup,dedup:4741
CORR2440,2440,kairos,kairos,b-0e1c7273639d,-10,b-0e1c7273639d.dedup,dedup:2440
CORR5413,5413,kairos,kairos,b-104e9ea39949,-10,b-104e9ea39949.dedup,dedup:5413
CORR1301,1301,kairos,kairos,b-137dc5167f9c,-30,b-137dc5167f9c.dedup,dedup:1301
CORR3577,3577,kairos,kairos,b-1578852267c4,-10,b-1578852267c4.dedup,dedup:3577
CORR2413,2413,kairos,kairos,b-163ee45b6f70,-10,b-163ee45b6f70.dedup,dedup:2413
CORR760,760,kairos,kairos,b-168125773405,-30,b-168125773405.dedup,dedup:760
CORR2583,2583,kairos,kairos,b-17b86c6bf4c8,-15,b-17b86c6bf4c8.dedup,dedup:2583
CORR764,764,kairos,kairos,b-198d648b19e4,-30,b-198d648b19e4.dedup,dedup:764
CORR806,806,kairos,kairos,b-1ab1808e1a67,-30,b-1ab1808e1a67.dedup,dedup:806
CORR5523,5523,kairos,kairos,b-1c26905b6f8d,-10,b-1c26905b6f8d.dedup,dedup:5523
CORR3928,3928,kairos,kairos,b-1caa61205b0b,-60,b-1caa61205b0b.dedup,dedup:3928
CORR3234,3234,kairos,kairos,b-1d496b3c907d,-10,b-1d496b3c907d.dedup,dedup:3234
CORR5444,5444,kairos,kairos,b-1fcda9edcdd2,-10,b-1fcda9edcdd2.dedup,dedup:5444
CORR5713,5713,kairos,kairos,b-2101d9a92f2e,-10,b-2101d9a92f2e.dedup,dedup:5713
CORR2944,2944,kairos,kairos,b-258a5be6b498,-10,b-258a5be6b498.dedup,dedup:2944
CORR428,428,kairos,kairos,b-278c923ea9aa,-30,b-278c923ea9aa.dedup,dedup:428
CORR2892,2892,kairos,kairos,b-2a95d495937e,-10,b-2a95d495937e.dedup,dedup:2892
CORR2860,2860,kairos,kairos,b-2f2483d0ddbc,-20,b-2f2483d0ddbc.dedup,dedup:2860
CORR923,923,kairos,kairos,b-30d50ec1f3cd,-150,b-30d50ec1f3cd.dedup,dedup:923
CORR5688,5688,kairos,kairos,b-344454e0a743,-10,b-344454e0a743.dedup,dedup:5688
CORR1961,1961,kairos,kairos,b-367166bdac9d,-10,b-367166bdac9d.dedup,dedup:1961
CORR1982,1982,kairos,kairos,b-367166bdac9d,-10,b-367166bdac9d.dedup,dedup:1982
CORR5385,5385,kairos,kairos,b-369e4629a27e,-10,b-369e4629a27e.dedup,dedup:5385
CORR511,511,kairos,kairos,b-3a48e57cb4ae,-30,b-3a48e57cb4ae.dedup,dedup:511
CORR2676,2676,kairos,kairos,b-3bb542db096b,-10,b-3bb542db096b.dedup,dedup:2676
CORR1596,1596,kairos,kairos,b-3db4fab9e324,-10,b-3db4fab9e324.dedup,dedup:1596
CORR5745,5745,kairos,kairos,b-41277e7eb4cd,-10,b-41277e7eb4cd.dedup,dedup:5745
CORR3134,3134,kairos,kairos,b-457a8cc09147,-10,b-457a8cc09147.dedup,dedup:3134
CORR3778,3778,kairos,kairos,b-4831ef5d1d99,-10,b-4831ef5d1d99.dedup,dedup:3778
CORR1185,1185,kairos,kairos,b-4a72a0508e49,-10,b-4a72a0508e49.dedup,dedup:1185
CORR345,345,kairos,kairos,b-4bf4fba636de,-10,b-4bf4fba636de.dedup,dedup:345
CORR1109,1109,kairos,kairos,b-4bf4fba636de,-10,b-4bf4fba636de.dedup,dedup:1109
CORR3385,3385,kairos,kairos,b-4d9474e4fec3,-10,b-4d9474e4fec3.dedup,dedup:3385
CORR520,520,kairos,kairos,b-4e3d0eb4ae58,-30,b-4e3d0eb4ae58.dedup,dedup:520
CORR2590,2590,kairos,kairos,b-4eb37865f3cb,-10,b-4eb37865f3cb.dedup,dedup:2590
CORR5628,5628,kairos,kairos,b-51f1635712bb,-10,b-51f1635712bb.dedup,dedup:5628
CORR4565,4565,kairos,kairos,b-51f49d7bdb30,-10,b-51f49d7bdb30.dedup,dedup:4565
CORR4707,4707,kairos,kairos,b-52d6df89b9f6,-30,b-52d6df89b9f6.dedup,dedup:4707
CORR441,441,kairos,kairos,b-534ea4279b95,-30,b-534ea4279b95.dedup,dedup:441
CORR4702,4702,kairos,kairos,b-5520d05fab33,-30,b-5520d05fab33.dedup,dedup:4702
CORR519,519,kairos,kairos,b-57be84163a52,-30,b-57be84163a52.dedup,dedup:519
CORR2756,2756,kairos,kairos,b-587f7312cd59,-145,b-587f7312cd59.dedup,dedup:2756
CORR4338,4338,kairos,kairos,b-5ddbec79f767,-10,b-5ddbec79f767.dedup,dedup:4338
CORR3409,3409,kairos,kairos,b-5e12b702c896,-120,b-5e12b702c896.dedup,dedup:3409
CORR4107,4107,kairos,kairos,b-638c59f3e3ad,-25,b-638c59f3e3ad.dedup,dedup:4107
CORR1606,1606,kairos,kairos,b-6a6845687fea,-10,b-6a6845687fea.dedup,dedup:1606
CORR3191,3191,kairos,kairos,b-6b8f8d754415,-20,b-6b8f8d754415.dedup,dedup:3191
CORR3243,3243,kairos,kairos,b-6b8f8d754415,-20,b-6b8f8d754415.dedup,dedup:3243
CORR1906,1906,kairos,kairos,b-6ec3e71cf6ff,-50,b-6ec3e71cf6ff.dedup,dedup:1906
CORR3049,3049,kairos,kairos,b-6f1f90f3a908,-30,b-6f1f90f3a908.dedup,dedup:3049
CORR3095,3095,kairos,kairos,b-6f1f90f3a908,-30,b-6f1f90f3a908.dedup,dedup:3095
CORR2796,2796,kairos,kairos,b-6fa45050a264,-10,b-6fa45050a264.dedup,dedup:2796
CORR5296,5296,kairos,kairos,b-6fb5cc324667,-30,b-6fb5cc324667.dedup,dedup:5296
CORR1209,1209,kairos,kairos,b-768306b1d66d,-80,b-768306b1d66d.dedup,dedup:1209
CORR3112,3112,kairos,kairos,b-771dda05ff00,-80,b-771dda05ff00.dedup,dedup:3112
CORR535,535,kairos,kairos,b-77b0e63ea979,-10,b-77b0e63ea979.dedup,dedup:535
CORR701,701,kairos,kairos,b-789dac18b5e9,-30,b-789dac18b5e9.dedup,dedup:701
CORR3070,3070,kairos,kairos,b-7a5770cbb848,-145,b-7a5770cbb848.dedup,dedup:3070
CORR3097,3097,kairos,kairos,b-7a5770cbb848,-145,b-7a5770cbb848.dedup,dedup:3097
CORR2200,2200,kairos,kairos,b-7cd75c118356,-10,b-7cd75c118356.dedup,dedup:2200
CORR4726,4726,kairos,kairos,b-7e47ec2d9db6,-30,b-7e47ec2d9db6.dedup,dedup:4726
CORR4700,4700,kairos,kairos,b-7ebaa642e31c,-30,b-7ebaa642e31c.dedup,dedup:4700
CORR5533,5533,kairos,kairos,b-81de24cdd7ba,-10,b-81de24cdd7ba.dedup,dedup:5533
CORR347,347,kairos,kairos,b-86c85c6e53a9,-10,b-86c85c6e53a9.dedup,dedup:347
CORR1110,1110,kairos,kairos,b-86c85c6e53a9,-10,b-86c85c6e53a9.dedup,dedup:1110
CORR5593,5593,kairos,kairos,b-8a23ed417946,-10,b-8a23ed417946.dedup,dedup:5593
CORR5127,5127,kairos,kairos,b-8ab9a2e4b85b,-30,b-8ab9a2e4b85b.dedup,dedup:5127
CORR1000,1000,kairos,kairos,b-8ae6c2998179,-10,b-8ae6c2998179.dedup,dedup:1000
CORR3446,3446,kairos,kairos,b-8d4436447f38,-10,b-8d4436447f38.dedup,dedup:3446
CORR5139,5139,kairos,kairos,b-8ee57bc1baed,-30,b-8ee57bc1baed.dedup,dedup:5139
CORR2668,2668,kairos,kairos,b-906c3fb42d25,-10,b-906c3fb42d25.dedup,dedup:2668
CORR5312,5312,kairos,kairos,b-96d11e3ae191,-10,b-96d11e3ae191.dedup,dedup:5312
CORR2858,2858,kairos,kairos,b-98d28108144b,-10,b-98d28108144b.dedup,dedup:2858
CORR4109,4109,kairos,kairos,b-9a8b05ae8bfd,-25,b-9a8b05ae8bfd.dedup,dedup:4109
CORR781,781,kairos,kairos,b-9ab9dbbb86e9,-30,b-9ab9dbbb86e9.dedup,dedup:781
CORR339,339,kairos,kairos,b-9c14a881a8fb,-200,b-9c14a881a8fb.dedup,dedup:339
CORR3020,3020,kairos,kairos,b-a3651799f49b,-200,b-a3651799f49b.dedup,dedup:3020
CORR5565,5565,kairos,kairos,b-a3b761362db4,-10,b-a3b761362db4.dedup,dedup:5565
CORR5290,5290,kairos,kairos,b-a64f11be8cee,-30,b-a64f11be8cee.dedup,dedup:5290
CORR5019,5019,kairos,kairos,b-a8c238736f21,-30,b-a8c238736f21.dedup,dedup:5019
CORR4704,4704,kairos,kairos,b-aa5a12a0d4bf,-30,b-aa5a12a0d4bf.dedup,dedup:4704
CORR1521,1521,kairos,kairos,b-abc095c99097,-10,b-abc095c99097.dedup,dedup:1521
CORR5036,5036,kairos,kairos,b-acbdd3d9f247,-30,b-acbdd3d9f247.dedup,dedup:5036
CORR5833,5833,kairos,kairos,b-b3a124a1c1d2,-30,b-b3a124a1c1d2.dedup,dedup:5833
CORR1077,1077,kairos,kairos,b-b52b4f703183,-120,b-b52b4f703183.dedup,dedup:1077
CORR434,434,kairos,kairos,b-c03709970a81,-30,b-c03709970a81.dedup,dedup:434
CORR5034,5034,kairos,kairos,b-c73901988cb8,-30,b-c73901988cb8.dedup,dedup:5034
CORR5626,5626,kairos,kairos,b-cb5d8e71faf4,-10,b-cb5d8e71faf4.dedup,dedup:5626
CORR3136,3136,kairos,kairos,b-cc9f7a06b28e,-30,b-cc9f7a06b28e.dedup,dedup:3136
CORR2900,2900,kairos,kairos,b-ce03e97588a4,-10,b-ce03e97588a4.dedup,dedup:2900
CORR1122,1122,kairos,kairos,b-ce2025d90701,-10,b-ce2025d90701.dedup,dedup:1122
CORR4105,4105,kairos,kairos,b-d165031b72f6,-10,b-d165031b72f6.dedup,dedup:4105
CORR4736,4736,kairos,kairos,b-d4158eb20042,-30,b-d4158eb20042.dedup,dedup:4736
CORR7004,7004,kairos,kairos,b-d4df414ce389,-50,b-d4df414ce389.dedup,dedup:7004
CORR7006,7006,kairos,kairos,b-d4df414ce389,-50,b-d4df414ce389.dedup,dedup:7006
CORR5662,5662,kairos,kairos,b-d5ce4aedd6ab,-10,b-d5ce4aedd6ab.dedup,dedup:5662
CORR1638,1638,kairos,kairos,b-d64b7db32a53,-10,b-d64b7db32a53.dedup,dedup:1638
CORR5498,5498,kairos,kairos,b-d7febd56b588,-40,b-d7febd56b588.dedup,dedup:5498
CORR5598,5598,kairos,kairos,b-dd88896d08e8,-10,b-dd88896d08e8.dedup,dedup:5598
CORR1305,1305,kairos,kairos,b-dfeee062df6f,-80,b-dfeee062df6f.dedup,dedup:1305
CORR3967,3967,kairos,kairos,b-e2222db0ddb4,-50,b-e2222db0ddb4.dedup,dedup:3967
CORR431,431,kairos,kairos,b-e4402bac1ae4,-30,b-e4402bac1ae4.dedup,dedup:431
CORR2735,2735,kairos,kairos,b-e56e97582863,-10,b-e56e97582863.dedup,dedup:2735
CORR4060,4060,kairos,kairos,b-e64e80e05232,-40,b-e64e80e05232.dedup,dedup:4060
CORR4063,4063,kairos,kairos,b-e64e80e05232,-40,b-e64e80e05232.dedup,dedup:4063
CORR1121,1121,kairos,kairos,b-e8b9e727b5b0,-10,b-e8b9e727b5b0.dedup,dedup:1121
CORR5000,5000,kairos,kairos,b-ee6e964ddfde,-30,b-ee6e964ddfde.dedup,dedup:5000
CORR3110,3110,kairos,kairos,b-f07a76ecbf50,-10,b-f07a76ecbf50.dedup,dedup:3110
CORR759,759,kairos,kairos,b-f1ca504dc11a,-30,b-f1ca504dc11a.dedup,dedup:759
CORR1081,1081,kairos,kairos,b-f25edd1d6b85,-150,b-f25edd1d6b85.dedup,dedup:1081
CORR3407,3407,kairos,kairos,b-f3f8fa607d83,-10,b-f3f8fa607d83.dedup,dedup:3407
CORR2878,2878,kairos,kairos,b-f4a291283122,-40,b-f4a291283122.dedup,dedup:2878
CORR3975,3975,kairos,kairos,b-f757be7182a2,-10,b-f757be7182a2.dedup,dedup:3975
CORR3018,3018,kairos,kairos,b-fbf46a5b51c9,-10,b-fbf46a5b51c9.dedup,dedup:3018
CORR433,433,kairos,kairos,b-kairos-prio-1777690869,-80,b-kairos-prio-1777690869.dedup,dedup:433
CORR863,863,kairos,kairos,reply-devto-reply-49fb9cd0681c,-10,reply-devto-reply-49fb9cd0681c.dedup,dedup:863
CORR4734,4734,kairos,kairos,v7-tool-0450f9e22616,-20,v7-tool-0450f9e22616.dedup,dedup:4734
CORR1716,1716,kairos,kairos,v7-tool-045e21c9ebbb,-30,v7-tool-045e21c9ebbb.dedup,dedup:1716
CORR3526,3526,kairos,kairos,v7-tool-06be01423fb7,-20,v7-tool-06be01423fb7.dedup,dedup:3526
CORR3533,3533,kairos,kairos,v7-tool-06be01423fb7,-20,v7-tool-06be01423fb7.dedup,dedup:3533
CORR4732,4732,kairos,kairos,v7-tool-0f9a6d0c078a,-20,v7-tool-0f9a6d0c078a.dedup,dedup:4732
CORR4730,4730,kairos,kairos,v7-tool-1daf670c99e1,-20,v7-tool-1daf670c99e1.dedup,dedup:4730
CORR4226,4226,kairos,kairos,v7-tool-27f96afa7549,-25,v7-tool-27f96afa7549.dedup,dedup:4226
CORR3093,3093,kairos,kairos,v7-tool-3e1902ab093f,-30,v7-tool-3e1902ab093f.dedup,dedup:3093
CORR1089,1089,kairos,kairos,v7-tool-5019506ddd78,-50,v7-tool-5019506ddd78.dedup,dedup:1089
CORR1194,1194,kairos,kairos,v7-tool-5145135fecba,-20,v7-tool-5145135fecba.dedup,dedup:1194
CORR4728,4728,kairos,kairos,v7-tool-5340c0769d2e,-20,v7-tool-5340c0769d2e.dedup,dedup:4728
CORR1200,1200,kairos,kairos,v7-tool-59918feed8b7,-20,v7-tool-59918feed8b7.dedup,dedup:1200
CORR2611,2611,kairos,kairos,v7-tool-5c2bee0e570d,-20,v7-tool-5c2bee0e570d.dedup,dedup:2611
CORR1133,1133,kairos,kairos,v7-tool-708e8b61dcb5,-20,v7-tool-708e8b61dcb5.dedup,dedup:1133
CORR1264,1264,kairos,kairos,v7-tool-70bf8e037097,-30,v7-tool-70bf8e037097.dedup,dedup:1264
CORR4738,4738,kairos,kairos,v7-tool-77edfa34d2e9,-20,v7-tool-77edfa34d2e9.dedup,dedup:4738
CORR1912,1912,kairos,kairos,v7-tool-7965ee004c10,-20,v7-tool-7965ee004c10.dedup,dedup:1912
CORR1915,1915,kairos,kairos,v7-tool-7965ee004c10,-20,v7-tool-7965ee004c10.dedup,dedup:1915
CORR2783,2783,kairos,kairos,v7-tool-7f34970d974f,-15,v7-tool-7f34970d974f.dedup,dedup:2783
CORR2785,2785,kairos,kairos,v7-tool-7f34970d974f,-15,v7-tool-7f34970d974f.dedup,dedup:2785
CORR1577,1577,kairos,kairos,v7-tool-81b441247237,-20,v7-tool-81b441247237.dedup,dedup:1577
CORR1202,1202,kairos,kairos,v7-tool-84fa85a055cd,-30,v7-tool-84fa85a055cd.dedup,dedup:1202
CORR1579,1579,kairos,kairos,v7-tool-a3fa6135b856,-20,v7-tool-a3fa6135b856.dedup,dedup:1579
CORR4859,4859,kairos,kairos,v7-tool-ace8aeb81aba,-20,v7-tool-ace8aeb81aba.dedup,dedup:4859
CORR4148,4148,kairos,kairos,v7-tool-b45106415ed0,-10,v7-tool-b45106415ed0.dedup,dedup:4148
CORR1134,1134,kairos,kairos,v7-tool-cb56996bea39,-20,v7-tool-cb56996bea39.dedup,dedup:1134
CORR3364,3364,kairos,kairos,v7-tool-ce252f58341c,-10,v7-tool-ce252f58341c.dedup,dedup:3364
CORR1193,1193,kairos,kairos,v7-tool-ce5accd711c9,-20,v7-tool-ce5accd711c9.dedup,dedup:1193
CORR5220,5220,kairos,kairos,v7-tool-cf1eaeb6a3b6,-20,v7-tool-cf1eaeb6a3b6.dedup,dedup:5220
CORR1575,1575,kairos,kairos,v7-tool-d2e39bff54f2,-25,v7-tool-d2e39bff54f2.dedup,dedup:1575
CORR4038,4038,kairos,kairos,v7-tool-dd4f12304249,-10,v7-tool-dd4f12304249.dedup,dedup:4038
CORR8129,8129,kairos,kairos,v7-tool-e2ef3e43aa66,-20,v7-tool-e2ef3e43aa66.dedup,dedup:8129
CORR4674,4674,kairos,kairos,v7-tool-eb430ec38824,-30,v7-tool-eb430ec38824.dedup,dedup:4674
CORR3172,3172,kairos,kairos,v7-tool-ebdf74ee8176,-50,v7-tool-ebdf74ee8176.dedup,dedup:3172
CORR1328,1328,kairos,kairos,v7-tool-f70890b53f82,-20,v7-tool-f70890b53f82.dedup,dedup:1328
CORR1197,1197,kairos,kairos,v7-tool-f7ef3aa882ca,-20,v7-tool-f7ef3aa882ca.dedup,dedup:1197
CORR3626,3626,nautilus-prime-001,nautilus-prime-001,b-0005915f02d0,-10,b-0005915f02d0.dedup,dedup:3626
CORR3633,3633,nautilus-prime-001,nautilus-prime-001,b-0005915f02d0,-10,b-0005915f02d0.dedup,dedup:3633
CORR4864,4864,nautilus-prime-001,nautilus-prime-001,b-00b199e1f454,-15,b-00b199e1f454.dedup,dedup:4864
CORR2743,2743,nautilus-prime-001,nautilus-prime-001,b-010df17d080f,-10,b-010df17d080f.dedup,dedup:2743
CORR7885,7885,nautilus-prime-001,nautilus-prime-001,b-029e66c35bc7,-80,b-029e66c35bc7.dedup,dedup:7885
CORR1549,1549,nautilus-prime-001,nautilus-prime-001,b-02d80ff508f9,-15,b-02d80ff508f9.dedup,dedup:1549
CORR6181,6181,nautilus-prime-001,nautilus-prime-001,b-0334650eac7b,-100,b-0334650eac7b.dedup,dedup:6181
CORR4557,4557,nautilus-prime-001,nautilus-prime-001,b-03f8f5506251,-15,b-03f8f5506251.dedup,dedup:4557
CORR3457,3457,nautilus-prime-001,nautilus-prime-001,b-04303cd9185e,-10,b-04303cd9185e.dedup,dedup:3457
CORR6026,6026,nautilus-prime-001,nautilus-prime-001,b-057574777561,-100,b-057574777561.dedup,dedup:6026
CORR2528,2528,nautilus-prime-001,nautilus-prime-001,b-0596c05ae0c9,-10,b-0596c05ae0c9.dedup,dedup:2528
CORR1315,1315,nautilus-prime-001,nautilus-prime-001,b-05f63e632d8a,-10,b-05f63e632d8a.dedup,dedup:1315
CORR2689,2689,nautilus-prime-001,nautilus-prime-001,b-063fd04a1872,-10,b-063fd04a1872.dedup,dedup:2689
CORR5109,5109,nautilus-prime-001,nautilus-prime-001,b-065ab2daf3d7,-40,b-065ab2daf3d7.dedup,dedup:5109
CORR6307,6307,nautilus-prime-001,nautilus-prime-001,b-0721232c6648,-30,b-0721232c6648.dedup,dedup:6307
CORR2295,2295,nautilus-prime-001,nautilus-prime-001,b-0764d3850498,-10,b-0764d3850498.dedup,dedup:2295
CORR2266,2266,nautilus-prime-001,nautilus-prime-001,b-07a82ef44cbb,-10,b-07a82ef44cbb.dedup,dedup:2266
CORR2235,2235,nautilus-prime-001,nautilus-prime-001,b-07bf9a20d06e,-10,b-07bf9a20d06e.dedup,dedup:2235
CORR2243,2243,nautilus-prime-001,nautilus-prime-001,b-07bf9a20d06e,-10,b-07bf9a20d06e.dedup,dedup:2243
CORR2282,2282,nautilus-prime-001,nautilus-prime-001,b-07bf9a20d06e,-10,b-07bf9a20d06e.dedup,dedup:2282
CORR3227,3227,nautilus-prime-001,nautilus-prime-001,b-08078bd235ba,-10,b-08078bd235ba.dedup,dedup:3227
CORR6044,6044,nautilus-prime-001,nautilus-prime-001,b-0809105cf219,-50,b-0809105cf219.dedup,dedup:6044
CORR6363,6363,nautilus-prime-001,nautilus-prime-001,b-084cda422357,-15,b-084cda422357.dedup,dedup:6363
CORR5694,5694,nautilus-prime-001,nautilus-prime-001,b-0863f322d1a4,-10,b-0863f322d1a4.dedup,dedup:5694
CORR2355,2355,nautilus-prime-001,nautilus-prime-001,b-08f95bedd3da,-10,b-08f95bedd3da.dedup,dedup:2355
CORR1053,1053,nautilus-prime-001,nautilus-prime-001,b-093013e77688,-100,b-093013e77688.dedup,dedup:1053
CORR7843,7843,nautilus-prime-001,nautilus-prime-001,b-0942bded586b,-25,b-0942bded586b.dedup,dedup:7843
CORR6635,6635,nautilus-prime-001,nautilus-prime-001,b-0953b1e9a28c,-25,b-0953b1e9a28c.dedup,dedup:6635
CORR6236,6236,nautilus-prime-001,nautilus-prime-001,b-09d4de76845b,-25,b-09d4de76845b.dedup,dedup:6236
CORR6942,6942,nautilus-prime-001,nautilus-prime-001,b-09d8028fc3f7,-30,b-09d8028fc3f7.dedup,dedup:6942
CORR3864,3864,nautilus-prime-001,nautilus-prime-001,b-0a0c99016f6e,-15,b-0a0c99016f6e.dedup,dedup:3864
CORR1723,1723,nautilus-prime-001,nautilus-prime-001,b-0aaf6198bfa0,-10,b-0aaf6198bfa0.dedup,dedup:1723
CORR6006,6006,nautilus-prime-001,nautilus-prime-001,b-0ade983bb8c2,-30,b-0ade983bb8c2.dedup,dedup:6006
CORR6024,6024,nautilus-prime-001,nautilus-prime-001,b-0ae3530db813,-40,b-0ae3530db813.dedup,dedup:6024
CORR1699,1699,nautilus-prime-001,nautilus-prime-001,b-0b8fbf611f82,-10,b-0b8fbf611f82.dedup,dedup:1699
CORR4648,4648,nautilus-prime-001,nautilus-prime-001,b-0c4ac3b9a114,-15,b-0c4ac3b9a114.dedup,dedup:4648
CORR3708,3708,nautilus-prime-001,nautilus-prime-001,b-0c62ff7f073b,-10,b-0c62ff7f073b.dedup,dedup:3708
CORR3749,3749,nautilus-prime-001,nautilus-prime-001,b-0c62ff7f073b,-10,b-0c62ff7f073b.dedup,dedup:3749
CORR4595,4595,nautilus-prime-001,nautilus-prime-001,b-0cbb5adfb037,-30,b-0cbb5adfb037.dedup,dedup:4595
CORR6393,6393,nautilus-prime-001,nautilus-prime-001,b-0da35c70ba5e,-30,b-0da35c70ba5e.dedup,dedup:6393
CORR2489,2489,nautilus-prime-001,nautilus-prime-001,b-0dce9e8379ae,-10,b-0dce9e8379ae.dedup,dedup:2489
CORR3475,3475,nautilus-prime-001,nautilus-prime-001,b-0e979ec42a14,-10,b-0e979ec42a14.dedup,dedup:3475
CORR2460,2460,nautilus-prime-001,nautilus-prime-001,b-0f02def0b4e4,-10,b-0f02def0b4e4.dedup,dedup:2460
CORR3495,3495,nautilus-prime-001,nautilus-prime-001,b-0fd29923e700,-10,b-0fd29923e700.dedup,dedup:3495
CORR2392,2392,nautilus-prime-001,nautilus-prime-001,b-0fe803e1e34c,-10,b-0fe803e1e34c.dedup,dedup:2392
CORR4238,4238,nautilus-prime-001,nautilus-prime-001,b-0fecae541fc4,-10,b-0fecae541fc4.dedup,dedup:4238
CORR1545,1545,nautilus-prime-001,nautilus-prime-001,b-1066ff18b462,-10,b-1066ff18b462.dedup,dedup:1545
CORR2447,2447,nautilus-prime-001,nautilus-prime-001,b-106b3245d85f,-10,b-106b3245d85f.dedup,dedup:2447
CORR3737,3737,nautilus-prime-001,nautilus-prime-001,b-10e007bb7f6d,-10,b-10e007bb7f6d.dedup,dedup:3737
CORR3761,3761,nautilus-prime-001,nautilus-prime-001,b-10e007bb7f6d,-10,b-10e007bb7f6d.dedup,dedup:3761
CORR3154,3154,nautilus-prime-001,nautilus-prime-001,b-11ad2aca2824,-10,b-11ad2aca2824.dedup,dedup:3154
CORR5952,5952,nautilus-prime-001,nautilus-prime-001,b-11be5e6836f6,-50,b-11be5e6836f6.dedup,dedup:5952
CORR3224,3224,nautilus-prime-001,nautilus-prime-001,b-130d50e0f4af,-10,b-130d50e0f4af.dedup,dedup:3224
CORR1840,1840,nautilus-prime-001,nautilus-prime-001,b-1325f31a2e7c,-10,b-1325f31a2e7c.dedup,dedup:1840
CORR6185,6185,nautilus-prime-001,nautilus-prime-001,b-1368940f3619,-30,b-1368940f3619.dedup,dedup:6185
CORR1298,1298,nautilus-prime-001,nautilus-prime-001,b-13fcb595f81f,-50,b-13fcb595f81f.dedup,dedup:1298
CORR2953,2953,nautilus-prime-001,nautilus-prime-001,b-14023c64de3c,-10,b-14023c64de3c.dedup,dedup:2953
CORR5936,5936,nautilus-prime-001,nautilus-prime-001,b-141f954254df,-10,b-141f954254df.dedup,dedup:5936
CORR1727,1727,nautilus-prime-001,nautilus-prime-001,b-14cdfc7cd0af,-10,b-14cdfc7cd0af.dedup,dedup:1727
CORR3667,3667,nautilus-prime-001,nautilus-prime-001,b-1632dca2ebed,-10,b-1632dca2ebed.dedup,dedup:3667
CORR2270,2270,nautilus-prime-001,nautilus-prime-001,b-171bcc088d40,-10,b-171bcc088d40.dedup,dedup:2270
CORR2280,2280,nautilus-prime-001,nautilus-prime-001,b-171bcc088d40,-10,b-171bcc088d40.dedup,dedup:2280
CORR4971,4971,nautilus-prime-001,nautilus-prime-001,b-17ddbda03c04,-50,b-17ddbda03c04.dedup,dedup:4971
CORR2883,2883,nautilus-prime-001,nautilus-prime-001,b-1849cb77ef43,-10,b-1849cb77ef43.dedup,dedup:2883
CORR2320,2320,nautilus-prime-001,nautilus-prime-001,b-19602b73d81c,-10,b-19602b73d81c.dedup,dedup:2320
CORR2331,2331,nautilus-prime-001,nautilus-prime-001,b-19602b73d81c,-10,b-19602b73d81c.dedup,dedup:2331
CORR1571,1571,nautilus-prime-001,nautilus-prime-001,b-1a78358587d5,-30,b-1a78358587d5.dedup,dedup:1571
CORR2075,2075,nautilus-prime-001,nautilus-prime-001,b-1b24446718de,-10,b-1b24446718de.dedup,dedup:2075
CORR5435,5435,nautilus-prime-001,nautilus-prime-001,b-1b8885029d35,-10,b-1b8885029d35.dedup,dedup:5435
CORR6584,6584,nautilus-prime-001,nautilus-prime-001,b-1be089968272,-50,b-1be089968272.dedup,dedup:6584
CORR6548,6548,nautilus-prime-001,nautilus-prime-001,b-1bee1404669e,-25,b-1bee1404669e.dedup,dedup:6548
CORR4192,4192,nautilus-prime-001,nautilus-prime-001,b-1c0b977fbb25,-10,b-1c0b977fbb25.dedup,dedup:4192
CORR5188,5188,nautilus-prime-001,nautilus-prime-001,b-1c15df38e49a,-40,b-1c15df38e49a.dedup,dedup:5188
CORR3379,3379,nautilus-prime-001,nautilus-prime-001,b-1c8a9d017c71,-10,b-1c8a9d017c71.dedup,dedup:3379
CORR2555,2555,nautilus-prime-001,nautilus-prime-001,b-1cacf6d0b78c,-10,b-1cacf6d0b78c.dedup,dedup:2555
CORR1198,1198,nautilus-prime-001,nautilus-prime-001,b-1d094439971e,-50,b-1d094439971e.dedup,dedup:1198
CORR3277,3277,nautilus-prime-001,nautilus-prime-001,b-1d1573a996d3,-10,b-1d1573a996d3.dedup,dedup:3277
CORR6110,6110,nautilus-prime-001,nautilus-prime-001,b-1da3ba85eeef,-80,b-1da3ba85eeef.dedup,dedup:6110
CORR3561,3561,nautilus-prime-001,nautilus-prime-001,b-1dea3940f827,-10,b-1dea3940f827.dedup,dedup:3561
CORR5771,5771,nautilus-prime-001,nautilus-prime-001,b-1ef3a3a3bdd0,-10,b-1ef3a3a3bdd0.dedup,dedup:5771
CORR3377,3377,nautilus-prime-001,nautilus-prime-001,b-1f3723b87739,-10,b-1f3723b87739.dedup,dedup:3377
CORR3415,3415,nautilus-prime-001,nautilus-prime-001,b-1f3723b87739,-10,b-1f3723b87739.dedup,dedup:3415
CORR2700,2700,nautilus-prime-001,nautilus-prime-001,b-1f9f10e9fa15,-10,b-1f9f10e9fa15.dedup,dedup:2700
CORR2509,2509,nautilus-prime-001,nautilus-prime-001,b-1fad04fa0333,-10,b-1fad04fa0333.dedup,dedup:2509
CORR2518,2518,nautilus-prime-001,nautilus-prime-001,b-1fad04fa0333,-10,b-1fad04fa0333.dedup,dedup:2518
CORR3487,3487,nautilus-prime-001,nautilus-prime-001,b-1ff7abbe0c9d,-10,b-1ff7abbe0c9d.dedup,dedup:3487
CORR5820,5820,nautilus-prime-001,nautilus-prime-001,b-2017e0993f2a,-10,b-2017e0993f2a.dedup,dedup:5820
CORR6315,6315,nautilus-prime-001,nautilus-prime-001,b-206a42eb4866,-40,b-206a42eb4866.dedup,dedup:6315
CORR1547,1547,nautilus-prime-001,nautilus-prime-001,b-21c7a80ed28f,-30,b-21c7a80ed28f.dedup,dedup:1547
CORR3394,3394,nautilus-prime-001,nautilus-prime-001,b-224c67a6f9da,-10,b-224c67a6f9da.dedup,dedup:3394
CORR5864,5864,nautilus-prime-001,nautilus-prime-001,b-227fd2e42652,-10,b-227fd2e42652.dedup,dedup:5864
CORR2888,2888,nautilus-prime-001,nautilus-prime-001,b-2304cea82bef,-10,b-2304cea82bef.dedup,dedup:2888
CORR6916,6916,nautilus-prime-001,nautilus-prime-001,b-2345fa20e4e1,-50,b-2345fa20e4e1.dedup,dedup:6916
CORR1836,1836,nautilus-prime-001,nautilus-prime-001,b-23e80b006251,-10,b-23e80b006251.dedup,dedup:1836
CORR5083,5083,nautilus-prime-001,nautilus-prime-001,b-2402a545d49a,-50,b-2402a545d49a.dedup,dedup:5083
CORR3695,3695,nautilus-prime-001,nautilus-prime-001,b-2452447327fb,-10,b-2452447327fb.dedup,dedup:3695
CORR5826,5826,nautilus-prime-001,nautilus-prime-001,b-24855a1591e4,-10,b-24855a1591e4.dedup,dedup:5826
CORR4830,4830,nautilus-prime-001,nautilus-prime-001,b-24c407ba8ffd,-30,b-24c407ba8ffd.dedup,dedup:4830
CORR5781,5781,nautilus-prime-001,nautilus-prime-001,b-2522b0f3a5cd,-10,b-2522b0f3a5cd.dedup,dedup:5781
CORR3714,3714,nautilus-prime-001,nautilus-prime-001,b-25c7138c6a33,-10,b-25c7138c6a33.dedup,dedup:3714
CORR3751,3751,nautilus-prime-001,nautilus-prime-001,b-25c7138c6a33,-10,b-25c7138c6a33.dedup,dedup:3751
CORR2297,2297,nautilus-prime-001,nautilus-prime-001,b-260bdb3d568a,-10,b-260bdb3d568a.dedup,dedup:2297
CORR1183,1183,nautilus-prime-001,nautilus-prime-001,b-268ae1e7813a,-100,b-268ae1e7813a.dedup,dedup:1183
CORR1189,1189,nautilus-prime-001,nautilus-prime-001,b-268ae1e7813a,-100,b-268ae1e7813a.dedup,dedup:1189
CORR2986,2986,nautilus-prime-001,nautilus-prime-001,b-26a4d60f6cb6,-10,b-26a4d60f6cb6.dedup,dedup:2986
CORR3462,3462,nautilus-prime-001,nautilus-prime-001,b-2a8d6a81f78b,-10,b-2a8d6a81f78b.dedup,dedup:3462
CORR2660,2660,nautilus-prime-001,nautilus-prime-001,b-2bc12192868e,-10,b-2bc12192868e.dedup,dedup:2660
CORR1206,1206,nautilus-prime-001,nautilus-prime-001,b-2bdeb95db06a,-30,b-2bdeb95db06a.dedup,dedup:1206
CORR5184,5184,nautilus-prime-001,nautilus-prime-001,b-2c708ec4e507,-50,b-2c708ec4e507.dedup,dedup:5184
CORR2380,2380,nautilus-prime-001,nautilus-prime-001,b-2c7602bed027,-20,b-2c7602bed027.dedup,dedup:2380
CORR2936,2936,nautilus-prime-001,nautilus-prime-001,b-2c7d1750a85e,-10,b-2c7d1750a85e.dedup,dedup:2936
CORR2628,2628,nautilus-prime-001,nautilus-prime-001,b-2ceb9bd47610,-10,b-2ceb9bd47610.dedup,dedup:2628
CORR2636,2636,nautilus-prime-001,nautilus-prime-001,b-2ceb9bd47610,-10,b-2ceb9bd47610.dedup,dedup:2636
CORR7907,7907,nautilus-prime-001,nautilus-prime-001,b-2cfde5d530f3,-30,b-2cfde5d530f3.dedup,dedup:7907
CORR7827,7827,nautilus-prime-001,nautilus-prime-001,b-2d127f6ee385,-25,b-2d127f6ee385.dedup,dedup:7827
CORR5516,5516,nautilus-prime-001,nautilus-prime-001,b-2d39645dab81,-10,b-2d39645dab81.dedup,dedup:5516
CORR5158,5158,nautilus-prime-001,nautilus-prime-001,b-2e478b28fe26,-40,b-2e478b28fe26.dedup,dedup:5158
CORR1807,1807,nautilus-prime-001,nautilus-prime-001,b-2e97101a95aa,-30,b-2e97101a95aa.dedup,dedup:1807
CORR6211,6211,nautilus-prime-001,nautilus-prime-001,b-2ed9c6e4ddc7,-80,b-2ed9c6e4ddc7.dedup,dedup:6211
CORR3239,3239,nautilus-prime-001,nautilus-prime-001,b-2edef007f69e,-10,b-2edef007f69e.dedup,dedup:3239
CORR2152,2152,nautilus-prime-001,nautilus-prime-001,b-2ef01256de99,-10,b-2ef01256de99.dedup,dedup:2152
CORR4998,4998,nautilus-prime-001,nautilus-prime-001,b-2fc0f25e026c,-40,b-2fc0f25e026c.dedup,dedup:4998
CORR6887,6887,nautilus-prime-001,nautilus-prime-001,b-304ac0b1ffd6,-30,b-304ac0b1ffd6.dedup,dedup:6887
CORR857,857,nautilus-prime-001,nautilus-prime-001,b-30f12719162c,-30,b-30f12719162c.dedup,dedup:857
CORR4946,4946,nautilus-prime-001,nautilus-prime-001,b-3122e917f787,-30,b-3122e917f787.dedup,dedup:4946
CORR1211,1211,nautilus-prime-001,nautilus-prime-001,b-314e1d2cdc41,-50,b-314e1d2cdc41.dedup,dedup:1211
CORR1643,1643,nautilus-prime-001,nautilus-prime-001,b-3200a4e3a842,-10,b-3200a4e3a842.dedup,dedup:1643
CORR2955,2955,nautilus-prime-001,nautilus-prime-001,b-32c285da0cb5,-15,b-32c285da0cb5.dedup,dedup:2955
CORR6758,6758,nautilus-prime-001,nautilus-prime-001,b-3302392242f1,-25,b-3302392242f1.dedup,dedup:6758
CORR3344,3344,nautilus-prime-001,nautilus-prime-001,b-337ccde1b3d1,-10,b-337ccde1b3d1.dedup,dedup:3344
CORR1126,1126,nautilus-prime-001,nautilus-prime-001,b-344aee91de8e,-50,b-344aee91de8e.dedup,dedup:1126
CORR1669,1669,nautilus-prime-001,nautilus-prime-001,b-34c7c225d4e8,-10,b-34c7c225d4e8.dedup,dedup:1669
CORR6969,6969,nautilus-prime-001,nautilus-prime-001,b-34d4de4641ae,-15,b-34d4de4641ae.dedup,dedup:6969
CORR3839,3839,nautilus-prime-001,nautilus-prime-001,b-34e32ac6a26f,-10,b-34e32ac6a26f.dedup,dedup:3839
CORR1553,1553,nautilus-prime-001,nautilus-prime-001,b-35c86ba3941c,-30,b-35c86ba3941c.dedup,dedup:1553
CORR6552,6552,nautilus-prime-001,nautilus-prime-001,b-35efcd8aefb0,-30,b-35efcd8aefb0.dedup,dedup:6552
CORR4391,4391,nautilus-prime-001,nautilus-prime-001,b-3699ce3b0f69,-10,b-3699ce3b0f69.dedup,dedup:4391
CORR4087,4087,nautilus-prime-001,nautilus-prime-001,b-37396dcff139,-10,b-37396dcff139.dedup,dedup:4087
CORR2139,2139,nautilus-prime-001,nautilus-prime-001,b-374c6988a0f5,-10,b-374c6988a0f5.dedup,dedup:2139
CORR1471,1471,nautilus-prime-001,nautilus-prime-001,b-38056dbd0628,-10,b-38056dbd0628.dedup,dedup:1471
CORR2108,2108,nautilus-prime-001,nautilus-prime-001,b-3910c0b91e9a,-20,b-3910c0b91e9a.dedup,dedup:2108
CORR2880,2880,nautilus-prime-001,nautilus-prime-001,b-39314bbb7fcc,-80,b-39314bbb7fcc.dedup,dedup:2880
CORR4160,4160,nautilus-prime-001,nautilus-prime-001,b-394ecda3e0fc,-10,b-394ecda3e0fc.dedup,dedup:4160
CORR811,811,nautilus-prime-001,nautilus-prime-001,b-39afd8d201c7,-100,b-39afd8d201c7.dedup,dedup:811
CORR5762,5762,nautilus-prime-001,nautilus-prime-001,b-3a0b497d89ce,-10,b-3a0b497d89ce.dedup,dedup:5762
CORR888,888,nautilus-prime-001,nautilus-prime-001,b-3a39381a2edf,-100,b-3a39381a2edf.dedup,dedup:888
CORR2357,2357,nautilus-prime-001,nautilus-prime-001,b-3ad6f3438531,-10,b-3ad6f3438531.dedup,dedup:2357
CORR2520,2520,nautilus-prime-001,nautilus-prime-001,b-3bc344892370,-10,b-3bc344892370.dedup,dedup:2520
CORR1496,1496,nautilus-prime-001,nautilus-prime-001,b-3c5381b026c3,-10,b-3c5381b026c3.dedup,dedup:1496
CORR3047,3047,nautilus-prime-001,nautilus-prime-001,b-3cac638d0620,-10,b-3cac638d0620.dedup,dedup:3047
CORR3005,3005,nautilus-prime-001,nautilus-prime-001,b-3cc6086f180a,-10,b-3cc6086f180a.dedup,dedup:3005
CORR4856,4856,nautilus-prime-001,nautilus-prime-001,b-3d75a7243863,-10,b-3d75a7243863.dedup,dedup:4856
CORR1094,1094,nautilus-prime-001,nautilus-prime-001,b-3e1cadd27941,-20,b-3e1cadd27941.dedup,dedup:1094
CORR2804,2804,nautilus-prime-001,nautilus-prime-001,b-3e67db52eb39,-10,b-3e67db52eb39.dedup,dedup:2804
CORR5340,5340,nautilus-prime-001,nautilus-prime-001,b-3e6b579042c4,-10,b-3e6b579042c4.dedup,dedup:5340
CORR4801,4801,nautilus-prime-001,nautilus-prime-001,b-3ef3a6c7f248,-10,b-3ef3a6c7f248.dedup,dedup:4801
CORR5411,5411,nautilus-prime-001,nautilus-prime-001,b-3fea6e709860,-10,b-3fea6e709860.dedup,dedup:5411
CORR3620,3620,nautilus-prime-001,nautilus-prime-001,b-405a28331fea,-10,b-405a28331fea.dedup,dedup:3620
CORR3631,3631,nautilus-prime-001,nautilus-prime-001,b-405a28331fea,-10,b-405a28331fea.dedup,dedup:3631
CORR6937,6937,nautilus-prime-001,nautilus-prime-001,b-41ba98b4e7a4,-80,b-41ba98b4e7a4.dedup,dedup:6937
CORR6918,6918,nautilus-prime-001,nautilus-prime-001,b-41f70ca6fd72,-30,b-41f70ca6fd72.dedup,dedup:6918
CORR2345,2345,nautilus-prime-001,nautilus-prime-001,b-424f85df0c6e,-10,b-424f85df0c6e.dedup,dedup:2345
CORR3810,3810,nautilus-prime-001,nautilus-prime-001,b-42cb2dbf35af,-10,b-42cb2dbf35af.dedup,dedup:3810
CORR2925,2925,nautilus-prime-001,nautilus-prime-001,b-448268532794,-10,b-448268532794.dedup,dedup:2925
CORR6972,6972,nautilus-prime-001,nautilus-prime-001,b-44c0d0d3c46e,-30,b-44c0d0d3c46e.dedup,dedup:6972
CORR1741,1741,nautilus-prime-001,nautilus-prime-001,b-453b83e03ef8,-30,b-453b83e03ef8.dedup,dedup:1741
CORR3845,3845,nautilus-prime-001,nautilus-prime-001,b-4564dab5b2de,-10,b-4564dab5b2de.dedup,dedup:3845
CORR4854,4854,nautilus-prime-001,nautilus-prime-001,b-460db351ece9,-10,b-460db351ece9.dedup,dedup:4854
CORR4871,4871,nautilus-prime-001,nautilus-prime-001,b-463508933814,-10,b-463508933814.dedup,dedup:4871
CORR4684,4684,nautilus-prime-001,nautilus-prime-001,b-47a5c9003ced,-10,b-47a5c9003ced.dedup,dedup:4684
CORR792,792,nautilus-prime-001,nautilus-prime-001,b-48839035ac59,-30,b-48839035ac59.dedup,dedup:792
CORR5042,5042,nautilus-prime-001,nautilus-prime-001,b-48e41f6258c6,-10,b-48e41f6258c6.dedup,dedup:5042
CORR2147,2147,nautilus-prime-001,nautilus-prime-001,b-494f486fc5b4,-10,b-494f486fc5b4.dedup,dedup:2147
CORR6040,6040,nautilus-prime-001,nautilus-prime-001,b-4992f604a74b,-30,b-4992f604a74b.dedup,dedup:6040
CORR3120,3120,nautilus-prime-001,nautilus-prime-001,b-49ccd6a30d05,-10,b-49ccd6a30d05.dedup,dedup:3120
CORR4188,4188,nautilus-prime-001,nautilus-prime-001,b-4a40a93bceed,-10,b-4a40a93bceed.dedup,dedup:4188
CORR2278,2278,nautilus-prime-001,nautilus-prime-001,b-4aa45b922317,-10,b-4aa45b922317.dedup,dedup:2278
CORR4804,4804,nautilus-prime-001,nautilus-prime-001,b-4b5f38f22c8e,-30,b-4b5f38f22c8e.dedup,dedup:4804
CORR4619,4619,nautilus-prime-001,nautilus-prime-001,b-4c734b5a7ef0,-30,b-4c734b5a7ef0.dedup,dedup:4619
CORR4009,4009,nautilus-prime-001,nautilus-prime-001,b-4ca6ba337cb9,-60,b-4ca6ba337cb9.dedup,dedup:4009
CORR5639,5639,nautilus-prime-001,nautilus-prime-001,b-4ca818619358,-10,b-4ca818619358.dedup,dedup:5639
CORR3197,3197,nautilus-prime-001,nautilus-prime-001,b-4cd23a0c8155,-10,b-4cd23a0c8155.dedup,dedup:3197
CORR2010,2010,nautilus-prime-001,nautilus-prime-001,b-4d0d28535bd4,-10,b-4d0d28535bd4.dedup,dedup:2010
CORR6459,6459,nautilus-prime-001,nautilus-prime-001,b-4e02ea7f3de2,-60,b-4e02ea7f3de2.dedup,dedup:6459
CORR3868,3868,nautilus-prime-001,nautilus-prime-001,b-4e2e9a57b900,-10,b-4e2e9a57b900.dedup,dedup:3868
CORR3392,3392,nautilus-prime-001,nautilus-prime-001,b-4e63ed40c983,-10,b-4e63ed40c983.dedup,dedup:3392
CORR3417,3417,nautilus-prime-001,nautilus-prime-001,b-4e63ed40c983,-10,b-4e63ed40c983.dedup,dedup:3417
CORR2810,2810,nautilus-prime-001,nautilus-prime-001,b-4e7b40dd91e8,-10,b-4e7b40dd91e8.dedup,dedup:2810
CORR3149,3149,nautilus-prime-001,nautilus-prime-001,b-4e929428f6e8,-10,b-4e929428f6e8.dedup,dedup:3149
CORR4952,4952,nautilus-prime-001,nautilus-prime-001,b-4edd88dab82e,-30,b-4edd88dab82e.dedup,dedup:4952
CORR7889,7889,nautilus-prime-001,nautilus-prime-001,b-4ee4689a5e6a,-100,b-4ee4689a5e6a.dedup,dedup:7889
CORR6654,6654,nautilus-prime-001,nautilus-prime-001,b-4ffbc65cc943,-30,b-4ffbc65cc943.dedup,dedup:6654
CORR1695,1695,nautilus-prime-001,nautilus-prime-001,b-500ac50d4328,-10,b-500ac50d4328.dedup,dedup:1695
CORR6907,6907,nautilus-prime-001,nautilus-prime-001,b-5051c2306a3b,-35,b-5051c2306a3b.dedup,dedup:6907
CORR6421,6421,nautilus-prime-001,nautilus-prime-001,b-50952b054319,-100,b-50952b054319.dedup,dedup:6421
CORR6339,6339,nautilus-prime-001,nautilus-prime-001,b-50a61db66319,-80,b-50a61db66319.dedup,dedup:6339
CORR5822,5822,nautilus-prime-001,nautilus-prime-001,b-5126f57f7929,-10,b-5126f57f7929.dedup,dedup:5822
CORR2613,2613,nautilus-prime-001,nautilus-prime-001,b-51b1c7e54dfb,-50,b-51b1c7e54dfb.dedup,dedup:2613
CORR2533,2533,nautilus-prime-001,nautilus-prime-001,b-51e5a66b0290,-10,b-51e5a66b0290.dedup,dedup:2533
CORR2551,2551,nautilus-prime-001,nautilus-prime-001,b-51e5a66b0290,-10,b-51e5a66b0290.dedup,dedup:2551
CORR3883,3883,nautilus-prime-001,nautilus-prime-001,b-5208229920ab,-10,b-5208229920ab.dedup,dedup:3883
CORR1884,1884,nautilus-prime-001,nautilus-prime-001,b-52186da2db76,-50,b-52186da2db76.dedup,dedup:1884
CORR2088,2088,nautilus-prime-001,nautilus-prime-001,b-52bcefa8895b,-10,b-52bcefa8895b.dedup,dedup:2088
CORR5196,5196,nautilus-prime-001,nautilus-prime-001,b-5327402dba4e,-40,b-5327402dba4e.dedup,dedup:5196
CORR1809,1809,nautilus-prime-001,nautilus-prime-001,b-5395a92aa7e9,-10,b-5395a92aa7e9.dedup,dedup:1809
CORR6891,6891,nautilus-prime-001,nautilus-prime-001,b-539aa570ac6b,-10,b-539aa570ac6b.dedup,dedup:6891
CORR1142,1142,nautilus-prime-001,nautilus-prime-001,b-5401f8fae9b9,-200,b-5401f8fae9b9.dedup,dedup:1142
CORR1187,1187,nautilus-prime-001,nautilus-prime-001,b-5401f8fae9b9,-200,b-5401f8fae9b9.dedup,dedup:1187
CORR3676,3676,nautilus-prime-001,nautilus-prime-001,b-542553e1262f,-80,b-542553e1262f.dedup,dedup:3676
CORR3531,3531,nautilus-prime-001,nautilus-prime-001,b-54d9d5416015,-10,b-54d9d5416015.dedup,dedup:3531
CORR4190,4190,nautilus-prime-001,nautilus-prime-001,b-54f2092b5b7a,-10,b-54f2092b5b7a.dedup,dedup:4190
CORR5106,5106,nautilus-prime-001,nautilus-prime-001,b-55ff176b6130,-80,b-55ff176b6130.dedup,dedup:5106
CORR3202,3202,nautilus-prime-001,nautilus-prime-001,b-56a8b0fcbf64,-10,b-56a8b0fcbf64.dedup,dedup:3202
CORR5044,5044,nautilus-prime-001,nautilus-prime-001,b-56e197028693,-10,b-56e197028693.dedup,dedup:5044
CORR5883,5883,nautilus-prime-001,nautilus-prime-001,b-572d99ee5379,-10,b-572d99ee5379.dedup,dedup:5883
CORR3660,3660,nautilus-prime-001,nautilus-prime-001,b-5760a8d18b5a,-10,b-5760a8d18b5a.dedup,dedup:3660
CORR5245,5245,nautilus-prime-001,nautilus-prime-001,b-58af71481dfa,-35,b-58af71481dfa.dedup,dedup:5245
CORR2624,2624,nautilus-prime-001,nautilus-prime-001,b-58e0a466de80,-10,b-58e0a466de80.dedup,dedup:2624
CORR2102,2102,nautilus-prime-001,nautilus-prime-001,b-59267d337065,-10,b-59267d337065.dedup,dedup:2102
CORR3720,3720,nautilus-prime-001,nautilus-prime-001,b-5a3510307086,-15,b-5a3510307086.dedup,dedup:3720
CORR3755,3755,nautilus-prime-001,nautilus-prime-001,b-5a3510307086,-15,b-5a3510307086.dedup,dedup:3755
CORR5056,5056,nautilus-prime-001,nautilus-prime-001,b-5a451185c993,-25,b-5a451185c993.dedup,dedup:5056
CORR4811,4811,nautilus-prime-001,nautilus-prime-001,b-5a9daee45f75,-20,b-5a9daee45f75.dedup,dedup:4811
CORR5072,5072,nautilus-prime-001,nautilus-prime-001,b-5b5d2cc79942,-10,b-5b5d2cc79942.dedup,dedup:5072
CORR2683,2683,nautilus-prime-001,nautilus-prime-001,b-5b6425443694,-30,b-5b6425443694.dedup,dedup:2683
CORR3836,3836,nautilus-prime-001,nautilus-prime-001,b-5bb525035b35,-10,b-5bb525035b35.dedup,dedup:3836
CORR6169,6169,nautilus-prime-001,nautilus-prime-001,b-5bff61964029,-50,b-5bff61964029.dedup,dedup:6169
CORR6102,6102,nautilus-prime-001,nautilus-prime-001,b-5d32e29cb0d8,-200,b-5d32e29cb0d8.dedup,dedup:6102
CORR1493,1493,nautilus-prime-001,nautilus-prime-001,b-5d762ef4aa7b,-10,b-5d762ef4aa7b.dedup,dedup:1493
CORR2188,2188,nautilus-prime-001,nautilus-prime-001,b-5e47b8a24677,-10,b-5e47b8a24677.dedup,dedup:2188
CORR2931,2931,nautilus-prime-001,nautilus-prime-001,b-5ea7ce9cfebe,-10,b-5ea7ce9cfebe.dedup,dedup:2931
CORR4940,4940,nautilus-prime-001,nautilus-prime-001,b-5ed663a29075,-40,b-5ed663a29075.dedup,dedup:4940
CORR6159,6159,nautilus-prime-001,nautilus-prime-001,b-5f0e95f7690a,-15,b-5f0e95f7690a.dedup,dedup:6159
CORR1269,1269,nautilus-prime-001,nautilus-prime-001,b-5fa39a615da4,-30,b-5fa39a615da4.dedup,dedup:1269
CORR1279,1279,nautilus-prime-001,nautilus-prime-001,b-5fa39a615da4,-30,b-5fa39a615da4.dedup,dedup:1279
CORR4636,4636,nautilus-prime-001,nautilus-prime-001,b-6042197aae8b,-10,b-6042197aae8b.dedup,dedup:4636
CORR6980,6980,nautilus-prime-001,nautilus-prime-001,b-6042c00ae253,-50,b-6042c00ae253.dedup,dedup:6980
CORR7951,7951,nautilus-prime-001,nautilus-prime-001,b-6100e3523afa,-30,b-6100e3523afa.dedup,dedup:7951
CORR6142,6142,nautilus-prime-001,nautilus-prime-001,b-6125bd2f6731,-15,b-6125bd2f6731.dedup,dedup:6142
CORR3718,3718,nautilus-prime-001,nautilus-prime-001,b-6151b781d992,-10,b-6151b781d992.dedup,dedup:3718
CORR3753,3753,nautilus-prime-001,nautilus-prime-001,b-6151b781d992,-10,b-6151b781d992.dedup,dedup:3753
CORR7833,7833,nautilus-prime-001,nautilus-prime-001,b-61567254cdad,-30,b-61567254cdad.dedup,dedup:7833
CORR7895,7895,nautilus-prime-001,nautilus-prime-001,b-618980d21d48,-80,b-618980d21d48.dedup,dedup:7895
CORR3565,3565,nautilus-prime-001,nautilus-prime-001,b-618f9642adac,-10,b-618f9642adac.dedup,dedup:3565
CORR3586,3586,nautilus-prime-001,nautilus-prime-001,b-618f9642adac,-10,b-618f9642adac.dedup,dedup:3586
CORR4146,4146,nautilus-prime-001,nautilus-prime-001,b-62898fe59c6d,-10,b-62898fe59c6d.dedup,dedup:4146
CORR6066,6066,nautilus-prime-001,nautilus-prime-001,b-62cbed60da74,-25,b-62cbed60da74.dedup,dedup:6066
CORR5872,5872,nautilus-prime-001,nautilus-prime-001,b-6307801d1b3a,-10,b-6307801d1b3a.dedup,dedup:5872
CORR2402,2402,nautilus-prime-001,nautilus-prime-001,b-6422d29feeff,-10,b-6422d29feeff.dedup,dedup:2402
CORR907,907,nautilus-prime-001,nautilus-prime-001,b-648f822cda67,-30,b-648f822cda67.dedup,dedup:907
CORR1957,1957,nautilus-prime-001,nautilus-prime-001,b-64fc3a45fcd7,-10,b-64fc3a45fcd7.dedup,dedup:1957
CORR4058,4058,nautilus-prime-001,nautilus-prime-001,b-654281ac8deb,-10,b-654281ac8deb.dedup,dedup:4058
CORR3872,3872,nautilus-prime-001,nautilus-prime-001,b-65a79bc5522b,-10,b-65a79bc5522b.dedup,dedup:3872
CORR3506,3506,nautilus-prime-001,nautilus-prime-001,b-65bf563affe4,-10,b-65bf563affe4.dedup,dedup:3506
CORR7945,7945,nautilus-prime-001,nautilus-prime-001,b-65c8231f2977,-20,b-65c8231f2977.dedup,dedup:7945
CORR5704,5704,nautilus-prime-001,nautilus-prime-001,b-67a1b771fb97,-30,b-67a1b771fb97.dedup,dedup:5704
CORR6715,6715,nautilus-prime-001,nautilus-prime-001,b-67ebbbd5e73f,-30,b-67ebbbd5e73f.dedup,dedup:6715
CORR3251,3251,nautilus-prime-001,nautilus-prime-001,b-68f12cd90284,-10,b-68f12cd90284.dedup,dedup:3251
CORR6131,6131,nautilus-prime-001,nautilus-prime-001,b-692bbbb2bbd4,-30,b-692bbbb2bbd4.dedup,dedup:6131
CORR6901,6901,nautilus-prime-001,nautilus-prime-001,b-699a5834fc83,-50,b-699a5834fc83.dedup,dedup:6901
CORR4158,4158,nautilus-prime-001,nautilus-prime-001,b-6a32e48f9fbc,-25,b-6a32e48f9fbc.dedup,dedup:4158
CORR1815,1815,nautilus-prime-001,nautilus-prime-001,b-6af8b5c50353,-10,b-6af8b5c50353.dedup,dedup:1815
CORR5866,5866,nautilus-prime-001,nautilus-prime-001,b-6b6f0770f17a,-10,b-6b6f0770f17a.dedup,dedup:5866
CORR5359,5359,nautilus-prime-001,nautilus-prime-001,b-6bc49437d0c8,-10,b-6bc49437d0c8.dedup,dedup:5359
CORR3382,3382,nautilus-prime-001,nautilus-prime-001,b-6cb865f8b812,-10,b-6cb865f8b812.dedup,dedup:3382
CORR4884,4884,nautilus-prime-001,nautilus-prime-001,b-6cd27906dfd0,-10,b-6cd27906dfd0.dedup,dedup:4884
CORR3550,3550,nautilus-prime-001,nautilus-prime-001,b-6efa23c11558,-10,b-6efa23c11558.dedup,dedup:3550
CORR2754,2754,nautilus-prime-001,nautilus-prime-001,b-6fce4c28a649,-10,b-6fce4c28a649.dedup,dedup:2754
CORR3640,3640,nautilus-prime-001,nautilus-prime-001,b-704e63646a99,-10,b-704e63646a99.dedup,dedup:3640
CORR4007,4007,nautilus-prime-001,nautilus-prime-001,b-7107dcdc4fb6,-10,b-7107dcdc4fb6.dedup,dedup:4007
CORR2553,2553,nautilus-prime-001,nautilus-prime-001,b-7175f6dc0b2f,-10,b-7175f6dc0b2f.dedup,dedup:2553
CORR4910,4910,nautilus-prime-001,nautilus-prime-001,b-71856ad4a8bf,-10,b-71856ad4a8bf.dedup,dedup:4910
CORR4822,4822,nautilus-prime-001,nautilus-prime-001,b-71eca5edf452,-10,b-71eca5edf452.dedup,dedup:4822
CORR2456,2456,nautilus-prime-001,nautilus-prime-001,b-72065199cec3,-10,b-72065199cec3.dedup,dedup:2456
CORR4377,4377,nautilus-prime-001,nautilus-prime-001,b-72493aa452a1,-10,b-72493aa452a1.dedup,dedup:4377
CORR3559,3559,nautilus-prime-001,nautilus-prime-001,b-72970e366d78,-10,b-72970e366d78.dedup,dedup:3559
CORR7927,7927,nautilus-prime-001,nautilus-prime-001,b-72aa7f6863b1,-30,b-72aa7f6863b1.dedup,dedup:7927
CORR6284,6284,nautilus-prime-001,nautilus-prime-001,b-7357f86d534d,-10,b-7357f86d534d.dedup,dedup:6284
CORR3193,3193,nautilus-prime-001,nautilus-prime-001,b-738262bb6311,-50,b-738262bb6311.dedup,dedup:3193
CORR5381,5381,nautilus-prime-001,nautilus-prime-001,b-741ff0f90e86,-80,b-741ff0f90e86.dedup,dedup:5381
CORR1935,1935,nautilus-prime-001,nautilus-prime-001,b-7429410f157e,-10,b-7429410f157e.dedup,dedup:1935
CORR2546,2546,nautilus-prime-001,nautilus-prime-001,b-743d0421752f,-10,b-743d0421752f.dedup,dedup:2546
CORR2559,2559,nautilus-prime-001,nautilus-prime-001,b-743d0421752f,-10,b-743d0421752f.dedup,dedup:2559
CORR1073,1073,nautilus-prime-001,nautilus-prime-001,b-744975567e2f,-50,b-744975567e2f.dedup,dedup:1073
CORR4892,4892,nautilus-prime-001,nautilus-prime-001,b-75aefabeb8db,-10,b-75aefabeb8db.dedup,dedup:4892
CORR4553,4553,nautilus-prime-001,nautilus-prime-001,b-75c4d983bbd6,-10,b-75c4d983bbd6.dedup,dedup:4553
CORR7823,7823,nautilus-prime-001,nautilus-prime-001,b-7635b7f6a9d8,-30,b-7635b7f6a9d8.dedup,dedup:7823
CORR1879,1879,nautilus-prime-001,nautilus-prime-001,b-774423132b12,-10,b-774423132b12.dedup,dedup:1879
CORR5980,5980,nautilus-prime-001,nautilus-prime-001,b-775b6edf7922,-30,b-775b6edf7922.dedup,dedup:5980
CORR5338,5338,nautilus-prime-001,nautilus-prime-001,b-78091ceb6fd0,-10,b-78091ceb6fd0.dedup,dedup:5338
CORR6157,6157,nautilus-prime-001,nautilus-prime-001,b-7a0fbb6034a0,-15,b-7a0fbb6034a0.dedup,dedup:6157
CORR1651,1651,nautilus-prime-001,nautilus-prime-001,b-7a73f7197a35,-10,b-7a73f7197a35.dedup,dedup:1651
CORR2092,2092,nautilus-prime-001,nautilus-prime-001,b-7b8464a29895,-10,b-7b8464a29895.dedup,dedup:2092
CORR1311,1311,nautilus-prime-001,nautilus-prime-001,b-7b878c748412,-50,b-7b878c748412.dedup,dedup:1311
CORR338,338,nautilus-prime-001,nautilus-prime-001,b-7bf850ab9565,-20,b-7bf850ab9565.dedup,dedup:338
CORR6042,6042,nautilus-prime-001,nautilus-prime-001,b-7c434092f5d8,-30,b-7c434092f5d8.dedup,dedup:6042
CORR5930,5930,nautilus-prime-001,nautilus-prime-001,b-7c6da79885e5,-10,b-7c6da79885e5.dedup,dedup:5930
CORR4276,4276,nautilus-prime-001,nautilus-prime-001,b-7e1ccf55c0f9,-10,b-7e1ccf55c0f9.dedup,dedup:4276
CORR5180,5180,nautilus-prime-001,nautilus-prime-001,b-7e2245064656,-25,b-7e2245064656.dedup,dedup:5180
CORR6190,6190,nautilus-prime-001,nautilus-prime-001,b-7f20a0edd862,-30,b-7f20a0edd862.dedup,dedup:6190
CORR6725,6725,nautilus-prime-001,nautilus-prime-001,b-7f3318b93cf6,-30,b-7f3318b93cf6.dedup,dedup:6725
CORR1896,1896,nautilus-prime-001,nautilus-prime-001,b-7f5e30dc9a95,-10,b-7f5e30dc9a95.dedup,dedup:1896
CORR3729,3729,nautilus-prime-001,nautilus-prime-001,b-7fd9aeb475bd,-10,b-7fd9aeb475bd.dedup,dedup:3729
CORR3759,3759,nautilus-prime-001,nautilus-prime-001,b-7fd9aeb475bd,-10,b-7fd9aeb475bd.dedup,dedup:3759
CORR3479,3479,nautilus-prime-001,nautilus-prime-001,b-80639000b763,-20,b-80639000b763.dedup,dedup:3479
CORR6444,6444,nautilus-prime-001,nautilus-prime-001,b-80f3fd57128d,-10,b-80f3fd57128d.dedup,dedup:6444
CORR988,988,nautilus-prime-001,nautilus-prime-001,b-8238efce9cec,-60,b-8238efce9cec.dedup,dedup:988
CORR6140,6140,nautilus-prime-001,nautilus-prime-001,b-82cf1883f7a8,-30,b-82cf1883f7a8.dedup,dedup:6140
CORR2304,2304,nautilus-prime-001,nautilus-prime-001,b-82d6fd4704bd,-30,b-82d6fd4704bd.dedup,dedup:2304
CORR2313,2313,nautilus-prime-001,nautilus-prime-001,b-82d6fd4704bd,-30,b-82d6fd4704bd.dedup,dedup:2313
CORR2327,2327,nautilus-prime-001,nautilus-prime-001,b-82d6fd4704bd,-30,b-82d6fd4704bd.dedup,dedup:2327
CORR1543,1543,nautilus-prime-001,nautilus-prime-001,b-82f412e84f19,-30,b-82f412e84f19.dedup,dedup:1543
CORR1720,1720,nautilus-prime-001,nautilus-prime-001,b-8301a563f993,-10,b-8301a563f993.dedup,dedup:1720
CORR1811,1811,nautilus-prime-001,nautilus-prime-001,b-830e2faaf484,-10,b-830e2faaf484.dedup,dedup:1811
CORR3624,3624,nautilus-prime-001,nautilus-prime-001,b-8369f33af8cd,-10,b-8369f33af8cd.dedup,dedup:3624
CORR865,865,nautilus-prime-001,nautilus-prime-001,b-847807e2e581,-30,b-847807e2e581.dedup,dedup:865
CORR4278,4278,nautilus-prime-001,nautilus-prime-001,b-84b447598469,-10,b-84b447598469.dedup,dedup:4278
CORR5870,5870,nautilus-prime-001,nautilus-prime-001,b-852eaacc7434,-10,b-852eaacc7434.dedup,dedup:5870
CORR5657,5657,nautilus-prime-001,nautilus-prime-001,b-855cd8c56550,-10,b-855cd8c56550.dedup,dedup:5657
CORR6093,6093,nautilus-prime-001,nautilus-prime-001,b-85d8b9a77822,-25,b-85d8b9a77822.dedup,dedup:6093
CORR1676,1676,nautilus-prime-001,nautilus-prime-001,b-8619465f49a0,-10,b-8619465f49a0.dedup,dedup:1676
CORR1296,1296,nautilus-prime-001,nautilus-prime-001,b-8629e58d42d8,-80,b-8629e58d42d8.dedup,dedup:1296
CORR2301,2301,nautilus-prime-001,nautilus-prime-001,b-86620c55d8b3,-30,b-86620c55d8b3.dedup,dedup:2301
CORR2325,2325,nautilus-prime-001,nautilus-prime-001,b-86620c55d8b3,-30,b-86620c55d8b3.dedup,dedup:2325
CORR5349,5349,nautilus-prime-001,nautilus-prime-001,b-8672372777ea,-10,b-8672372777ea.dedup,dedup:5349
CORR4788,4788,nautilus-prime-001,nautilus-prime-001,b-86f41b109292,-50,b-86f41b109292.dedup,dedup:4788
CORR5740,5740,nautilus-prime-001,nautilus-prime-001,b-875732434699,-10,b-875732434699.dedup,dedup:5740
CORR2163,2163,nautilus-prime-001,nautilus-prime-001,b-8768b2ce3a36,-10,b-8768b2ce3a36.dedup,dedup:2163
CORR3981,3981,nautilus-prime-001,nautilus-prime-001,b-87b7644794d4,-120,b-87b7644794d4.dedup,dedup:3981
CORR4250,4250,nautilus-prime-001,nautilus-prime-001,b-87e29b4d5311,-10,b-87e29b4d5311.dedup,dedup:4250
CORR3650,3650,nautilus-prime-001,nautilus-prime-001,b-881f9d0ff4af,-10,b-881f9d0ff4af.dedup,dedup:3650
CORR6950,6950,nautilus-prime-001,nautilus-prime-001,b-883e1bc54806,-30,b-883e1bc54806.dedup,dedup:6950
CORR1671,1671,nautilus-prime-001,nautilus-prime-001,b-88e93c7df0e7,-10,b-88e93c7df0e7.dedup,dedup:1671
CORR5207,5207,nautilus-prime-001,nautilus-prime-001,b-8925f0614143,-40,b-8925f0614143.dedup,dedup:5207
CORR5838,5838,nautilus-prime-001,nautilus-prime-001,b-89d6d7ef4094,-10,b-89d6d7ef4094.dedup,dedup:5838
CORR934,934,nautilus-prime-001,nautilus-prime-001,b-8af7fef136d0,-50,b-8af7fef136d0.dedup,dedup:934
CORR7931,7931,nautilus-prime-001,nautilus-prime-001,b-8b91d8a90686,-10,b-8b91d8a90686.dedup,dedup:7931
CORR2862,2862,nautilus-prime-001,nautilus-prime-001,b-8ba659bea8cc,-10,b-8ba659bea8cc.dedup,dedup:2862
CORR2080,2080,nautilus-prime-001,nautilus-prime-001,b-8c3040804c44,-10,b-8c3040804c44.dedup,dedup:2080
CORR5091,5091,nautilus-prime-001,nautilus-prime-001,b-8c44d56f1bd6,-25,b-8c44d56f1bd6.dedup,dedup:5091
CORR4617,4617,nautilus-prime-001,nautilus-prime-001,b-8d0851f05ae9,-30,b-8d0851f05ae9.dedup,dedup:4617
CORR3579,3579,nautilus-prime-001,nautilus-prime-001,b-8e3226866330,-10,b-8e3226866330.dedup,dedup:3579
CORR3590,3590,nautilus-prime-001,nautilus-prime-001,b-8e3226866330,-10,b-8e3226866330.dedup,dedup:3590
CORR2981,2981,nautilus-prime-001,nautilus-prime-001,b-8e5249cab035,-10,b-8e5249cab035.dedup,dedup:2981
CORR2822,2822,nautilus-prime-001,nautilus-prime-001,b-8e9eef9a3309,-10,b-8e9eef9a3309.dedup,dedup:2822
CORR4968,4968,nautilus-prime-001,nautilus-prime-001,b-8ea75ba6f0bf,-40,b-8ea75ba6f0bf.dedup,dedup:4968
CORR6500,6500,nautilus-prime-001,nautilus-prime-001,b-8eaa2d440a0c,-100,b-8eaa2d440a0c.dedup,dedup:6500
CORR1011,1011,nautilus-prime-001,nautilus-prime-001,b-8f0b810fc018,-30,b-8f0b810fc018.dedup,dedup:1011
CORR1290,1290,nautilus-prime-001,nautilus-prime-001,b-8f173e6c8c7e,-30,b-8f173e6c8c7e.dedup,dedup:1290
CORR3259,3259,nautilus-prime-001,nautilus-prime-001,b-8f33de162a45,-10,b-8f33de162a45.dedup,dedup:3259
CORR1488,1488,nautilus-prime-001,nautilus-prime-001,b-8f8fceb1c82a,-10,b-8f8fceb1c82a.dedup,dedup:1488
CORR2653,2653,nautilus-prime-001,nautilus-prime-001,b-905ecbe1558a,-10,b-905ecbe1558a.dedup,dedup:2653
CORR5243,5243,nautilus-prime-001,nautilus-prime-001,b-90b2c1b59f48,-50,b-90b2c1b59f48.dedup,dedup:5243
CORR2844,2844,nautilus-prime-001,nautilus-prime-001,b-9105cfd99b00,-10,b-9105cfd99b00.dedup,dedup:2844
CORR5198,5198,nautilus-prime-001,nautilus-prime-001,b-911f7cbd3424,-40,b-911f7cbd3424.dedup,dedup:5198
CORR2286,2286,nautilus-prime-001,nautilus-prime-001,b-912a85e63706,-50,b-912a85e63706.dedup,dedup:2286
CORR1697,1697,nautilus-prime-001,nautilus-prime-001,b-920550945de9,-30,b-920550945de9.dedup,dedup:1697
CORR975,975,nautilus-prime-001,nautilus-prime-001,b-928b5e5d2e1d,-50,b-928b5e5d2e1d.dedup,dedup:975
CORR2663,2663,nautilus-prime-001,nautilus-prime-001,b-93bce1f32e7c,-10,b-93bce1f32e7c.dedup,dedup:2663
CORR1943,1943,nautilus-prime-001,nautilus-prime-001,b-95b5e57a7e8d,-10,b-95b5e57a7e8d.dedup,dedup:1943
CORR4996,4996,nautilus-prime-001,nautilus-prime-001,b-95f5ea6ce515,-50,b-95f5ea6ce515.dedup,dedup:4996
CORR6588,6588,nautilus-prime-001,nautilus-prime-001,b-963662ecef75,-40,b-963662ecef75.dedup,dedup:6588
CORR4288,4288,nautilus-prime-001,nautilus-prime-001,b-968d88c8d343,-10,b-968d88c8d343.dedup,dedup:4288
CORR5965,5965,nautilus-prime-001,nautilus-prime-001,b-971c64e8a480,-10,b-971c64e8a480.dedup,dedup:5965
CORR3483,3483,nautilus-prime-001,nautilus-prime-001,b-97256201a502,-10,b-97256201a502.dedup,dedup:3483
CORR5168,5168,nautilus-prime-001,nautilus-prime-001,b-974ceef9aa90,-40,b-974ceef9aa90.dedup,dedup:5168
CORR4568,4568,nautilus-prime-001,nautilus-prime-001,b-97812466ffdf,-10,b-97812466ffdf.dedup,dedup:4568
CORR5172,5172,nautilus-prime-001,nautilus-prime-001,b-97eff5b364a3,-25,b-97eff5b364a3.dedup,dedup:5172
CORR2759,2759,nautilus-prime-001,nautilus-prime-001,b-980f472272c4,-15,b-980f472272c4.dedup,dedup:2759
CORR4011,4011,nautilus-prime-001,nautilus-prime-001,b-984583a66ed6,-10,b-984583a66ed6.dedup,dedup:4011
CORR2184,2184,nautilus-prime-001,nautilus-prime-001,b-98abbc11830d,-10,b-98abbc11830d.dedup,dedup:2184
CORR2208,2208,nautilus-prime-001,nautilus-prime-001,b-98abbc11830d,-10,b-98abbc11830d.dedup,dedup:2208
CORR6367,6367,nautilus-prime-001,nautilus-prime-001,b-98e0340617ae,-15,b-98e0340617ae.dedup,dedup:6367
CORR3077,3077,nautilus-prime-001,nautilus-prime-001,b-993d15b98dee,-100,b-993d15b98dee.dedup,dedup:3077
CORR2125,2125,nautilus-prime-001,nautilus-prime-001,b-996ece923af4,-30,b-996ece923af4.dedup,dedup:2125
CORR3309,3309,nautilus-prime-001,nautilus-prime-001,b-9a1b51710f27,-10,b-9a1b51710f27.dedup,dedup:3309
CORR3322,3322,nautilus-prime-001,nautilus-prime-001,b-9a1b51710f27,-10,b-9a1b51710f27.dedup,dedup:3322
CORR4078,4078,nautilus-prime-001,nautilus-prime-001,b-9aa5beca1d93,-10,b-9aa5beca1d93.dedup,dedup:4078
CORR5086,5086,nautilus-prime-001,nautilus-prime-001,b-9b69cfbd26aa,-25,b-9b69cfbd26aa.dedup,dedup:5086
CORR4574,4574,nautilus-prime-001,nautilus-prime-001,b-9ba21b6a06e5,-25,b-9ba21b6a06e5.dedup,dedup:4574
CORR3061,3061,nautilus-prime-001,nautilus-prime-001,b-9bed0f6a8a5a,-50,b-9bed0f6a8a5a.dedup,dedup:3061
CORR2040,2040,nautilus-prime-001,nautilus-prime-001,b-9c24f029b7bf,-10,b-9c24f029b7bf.dedup,dedup:2040
CORR6161,6161,nautilus-prime-001,nautilus-prime-001,b-9c3f19e655cb,-15,b-9c3f19e655cb.dedup,dedup:6161
CORR2908,2908,nautilus-prime-001,nautilus-prime-001,b-9ca501e071f1,-10,b-9ca501e071f1.dedup,dedup:2908
CORR6957,6957,nautilus-prime-001,nautilus-prime-001,b-9e5a46b8ea38,-15,b-9e5a46b8ea38.dedup,dedup:6957
CORR6952,6952,nautilus-prime-001,nautilus-prime-001,b-9f73edbfbcfd,-150,b-9f73edbfbcfd.dedup,dedup:6952
CORR1313,1313,nautilus-prime-001,nautilus-prime-001,b-a00366bfae48,-10,b-a00366bfae48.dedup,dedup:1313
CORR1111,1111,nautilus-prime-001,nautilus-prime-001,b-a1b6388b5eef,-50,b-a1b6388b5eef.dedup,dedup:1111
CORR1971,1971,nautilus-prime-001,nautilus-prime-001,b-a1c2d3486c60,-10,b-a1c2d3486c60.dedup,dedup:1971
CORR3313,3313,nautilus-prime-001,nautilus-prime-001,b-a24e1a4545b7,-10,b-a24e1a4545b7.dedup,dedup:3313
CORR3324,3324,nautilus-prime-001,nautilus-prime-001,b-a24e1a4545b7,-10,b-a24e1a4545b7.dedup,dedup:3324
CORR5718,5718,nautilus-prime-001,nautilus-prime-001,b-a2cd125b8464,-10,b-a2cd125b8464.dedup,dedup:5718
CORR6575,6575,nautilus-prime-001,nautilus-prime-001,b-a3d5a544c5c6,-80,b-a3d5a544c5c6.dedup,dedup:6575
CORR1685,1685,nautilus-prime-001,nautilus-prime-001,b-a42ffa8f32ca,-10,b-a42ffa8f32ca.dedup,dedup:1685
CORR7829,7829,nautilus-prime-001,nautilus-prime-001,b-a4beb5d3ef53,-30,b-a4beb5d3ef53.dedup,dedup:7829
CORR2082,2082,nautilus-prime-001,nautilus-prime-001,b-a59bca255300,-10,b-a59bca255300.dedup,dedup:2082
CORR2230,2230,nautilus-prime-001,nautilus-prime-001,b-a59ff73f6ca1,-10,b-a59ff73f6ca1.dedup,dedup:2230
CORR2241,2241,nautilus-prime-001,nautilus-prime-001,b-a59ff73f6ca1,-10,b-a59ff73f6ca1.dedup,dedup:2241
CORR2465,2465,nautilus-prime-001,nautilus-prime-001,b-a6c74c1ce06c,-10,b-a6c74c1ce06c.dedup,dedup:2465
CORR2774,2774,nautilus-prime-001,nautilus-prime-001,b-a73a850c08d0,-10,b-a73a850c08d0.dedup,dedup:2774
CORR3009,3009,nautilus-prime-001,nautilus-prime-001,b-a789c4c53e16,-10,b-a789c4c53e16.dedup,dedup:3009
CORR2060,2060,nautilus-prime-001,nautilus-prime-001,b-a890e9a88d0f,-10,b-a890e9a88d0f.dedup,dedup:2060
CORR2066,2066,nautilus-prime-001,nautilus-prime-001,b-a890e9a88d0f,-10,b-a890e9a88d0f.dedup,dedup:2066
CORR2157,2157,nautilus-prime-001,nautilus-prime-001,b-a91c9d6a9888,-10,b-a91c9d6a9888.dedup,dedup:2157
CORR3725,3725,nautilus-prime-001,nautilus-prime-001,b-a9c01a8c962d,-10,b-a9c01a8c962d.dedup,dedup:3725
CORR3757,3757,nautilus-prime-001,nautilus-prime-001,b-a9c01a8c962d,-10,b-a9c01a8c962d.dedup,dedup:3757
CORR2276,2276,nautilus-prime-001,nautilus-prime-001,b-a9fa00975df8,-10,b-a9fa00975df8.dedup,dedup:2276
CORR4240,4240,nautilus-prime-001,nautilus-prime-001,b-aa273fd918dd,-10,b-aa273fd918dd.dedup,dedup:4240
CORR908,908,nautilus-prime-001,nautilus-prime-001,b-aa9e3944ffae,-50,b-aa9e3944ffae.dedup,dedup:908
CORR1616,1616,nautilus-prime-001,nautilus-prime-001,b-aaf6e0656b8d,-10,b-aaf6e0656b8d.dedup,dedup:1616
CORR1332,1332,nautilus-prime-001,nautilus-prime-001,b-ab44551ea9c9,-100,b-ab44551ea9c9.dedup,dedup:1332
CORR2842,2842,nautilus-prime-001,nautilus-prime-001,b-ab68cff8bd00,-10,b-ab68cff8bd00.dedup,dedup:2842
CORR6965,6965,nautilus-prime-001,nautilus-prime-001,b-aba03300abb7,-20,b-aba03300abb7.dedup,dedup:6965
CORR3618,3618,nautilus-prime-001,nautilus-prime-001,b-ac13f9366492,-10,b-ac13f9366492.dedup,dedup:3618
CORR3629,3629,nautilus-prime-001,nautilus-prime-001,b-ac13f9366492,-10,b-ac13f9366492.dedup,dedup:3629
CORR2642,2642,nautilus-prime-001,nautilus-prime-001,b-ac3ecd784cc5,-10,b-ac3ecd784cc5.dedup,dedup:2642
CORR2806,2806,nautilus-prime-001,nautilus-prime-001,b-ac4cd4073416,-10,b-ac4cd4073416.dedup,dedup:2806
CORR2019,2019,nautilus-prime-001,nautilus-prime-001,b-ac6b5e185195,-10,b-ac6b5e185195.dedup,dedup:2019
CORR5118,5118,nautilus-prime-001,nautilus-prime-001,b-ac8394043da5,-60,b-ac8394043da5.dedup,dedup:5118
CORR6171,6171,nautilus-prime-001,nautilus-prime-001,b-ae094de245fd,-80,b-ae094de245fd.dedup,dedup:6171
CORR1140,1140,nautilus-prime-001,nautilus-prime-001,b-ae7e01da0233,-100,b-ae7e01da0233.dedup,dedup:1140
CORR1186,1186,nautilus-prime-001,nautilus-prime-001,b-ae7e01da0233,-100,b-ae7e01da0233.dedup,dedup:1186
CORR4698,4698,nautilus-prime-001,nautilus-prime-001,b-ae9ebc0eb9fc,-10,b-ae9ebc0eb9fc.dedup,dedup:4698
CORR6582,6582,nautilus-prime-001,nautilus-prime-001,b-af532cf99f48,-50,b-af532cf99f48.dedup,dedup:6582
CORR3519,3519,nautilus-prime-001,nautilus-prime-001,b-b141538e9e22,-10,b-b141538e9e22.dedup,dedup:3519
CORR3741,3741,nautilus-prime-001,nautilus-prime-001,b-b2297243853f,-10,b-b2297243853f.dedup,dedup:3741
CORR3763,3763,nautilus-prime-001,nautilus-prime-001,b-b2297243853f,-10,b-b2297243853f.dedup,dedup:3763
CORR3141,3141,nautilus-prime-001,nautilus-prime-001,b-b28501524c61,-10,b-b28501524c61.dedup,dedup:3141
CORR3876,3876,nautilus-prime-001,nautilus-prime-001,b-b28dce72665a,-10,b-b28dce72665a.dedup,dedup:3876
CORR6978,6978,nautilus-prime-001,nautilus-prime-001,b-b3a203972924,-25,b-b3a203972924.dedup,dedup:6978
CORR3622,3622,nautilus-prime-001,nautilus-prime-001,b-b3a9f3c86949,-10,b-b3a9f3c86949.dedup,dedup:3622
CORR3949,3949,nautilus-prime-001,nautilus-prime-001,b-b4127d392ed6,-60,b-b4127d392ed6.dedup,dedup:3949
CORR1007,1007,nautilus-prime-001,nautilus-prime-001,b-b46aa8b01fc4,-30,b-b46aa8b01fc4.dedup,dedup:1007
CORR3792,3792,nautilus-prime-001,nautilus-prime-001,b-b4dd3abdc49e,-10,b-b4dd3abdc49e.dedup,dedup:3792
CORR3055,3055,nautilus-prime-001,nautilus-prime-001,b-b4ee95bf73e2,-40,b-b4ee95bf73e2.dedup,dedup:3055
CORR1184,1184,nautilus-prime-001,nautilus-prime-001,b-b5004f3ac5f2,-100,b-b5004f3ac5f2.dedup,dedup:1184
CORR8149,8149,nautilus-prime-001,nautilus-prime-001,b-b56256580952,-15,b-b56256580952.dedup,dedup:8149
CORR4827,4827,nautilus-prime-001,nautilus-prime-001,b-b5908d8a8c1f,-10,b-b5908d8a8c1f.dedup,dedup:4827
CORR4222,4222,nautilus-prime-001,nautilus-prime-001,b-b5da02925db1,-10,b-b5da02925db1.dedup,dedup:4222
CORR4345,4345,nautilus-prime-001,nautilus-prime-001,b-b62846348746,-10,b-b62846348746.dedup,dedup:4345
CORR3326,3326,nautilus-prime-001,nautilus-prime-001,b-b6579cd135b3,-10,b-b6579cd135b3.dedup,dedup:3326
CORR5932,5932,nautilus-prime-001,nautilus-prime-001,b-b74e4f1e52cf,-10,b-b74e4f1e52cf.dedup,dedup:5932
CORR6080,6080,nautilus-prime-001,nautilus-prime-001,b-b8377bb0b1d9,-200,b-b8377bb0b1d9.dedup,dedup:6080
CORR3552,3552,nautilus-prime-001,nautilus-prime-001,b-b83c81bf0a3a,-10,b-b83c81bf0a3a.dedup,dedup:3552
CORR5218,5218,nautilus-prime-001,nautilus-prime-001,b-b8c021c1726a,-45,b-b8c021c1726a.dedup,dedup:5218
CORR4868,4868,nautilus-prime-001,nautilus-prime-001,b-b90e57f1043f,-10,b-b90e57f1043f.dedup,dedup:4868
CORR6317,6317,nautilus-prime-001,nautilus-prime-001,b-b930bd5a1c87,-30,b-b930bd5a1c87.dedup,dedup:6317
CORR1319,1319,nautilus-prime-001,nautilus-prime-001,b-b9fe1bb5974a,-50,b-b9fe1bb5974a.dedup,dedup:1319
CORR6198,6198,nautilus-prime-001,nautilus-prime-001,b-ba2379690887,-20,b-ba2379690887.dedup,dedup:6198
CORR2835,2835,nautilus-prime-001,nautilus-prime-001,b-ba6c8e27eb9d,-10,b-ba6c8e27eb9d.dedup,dedup:2835
CORR5491,5491,nautilus-prime-001,nautilus-prime-001,b-baa9c9424d0e,-10,b-baa9c9424d0e.dedup,dedup:5491
CORR1219,1219,nautilus-prime-001,nautilus-prime-001,b-bb24e70ed444,-200,b-bb24e70ed444.dedup,dedup:1219
CORR4473,4473,nautilus-prime-001,nautilus-prime-001,b-bb34c8b1a421,-10,b-bb34c8b1a421.dedup,dedup:4473
CORR3701,3701,nautilus-prime-001,nautilus-prime-001,b-bb4336272765,-10,b-bb4336272765.dedup,dedup:3701
CORR3745,3745,nautilus-prime-001,nautilus-prime-001,b-bb4336272765,-10,b-bb4336272765.dedup,dedup:3745
CORR2781,2781,nautilus-prime-001,nautilus-prime-001,b-bccafe4b4c8c,-10,b-bccafe4b4c8c.dedup,dedup:2781
CORR4877,4877,nautilus-prime-001,nautilus-prime-001,b-bcd71f8c5cff,-20,b-bcd71f8c5cff.dedup,dedup:4877
CORR3894,3894,nautilus-prime-001,nautilus-prime-001,b-bd4a8cd1586a,-10,b-bd4a8cd1586a.dedup,dedup:3894
CORR3594,3594,nautilus-prime-001,nautilus-prime-001,b-bd6ff491ffc6,-10,b-bd6ff491ffc6.dedup,dedup:3594
CORR3614,3614,nautilus-prime-001,nautilus-prime-001,b-bd6ff491ffc6,-10,b-bd6ff491ffc6.dedup,dedup:3614
CORR6665,6665,nautilus-prime-001,nautilus-prime-001,b-bdbeff515135,-25,b-bdbeff515135.dedup,dedup:6665
CORR2098,2098,nautilus-prime-001,nautilus-prime-001,b-be61961acf90,-10,b-be61961acf90.dedup,dedup:2098
CORR1813,1813,nautilus-prime-001,nautilus-prime-001,b-be7a03589562,-10,b-be7a03589562.dedup,dedup:1813
CORR1629,1629,nautilus-prime-001,nautilus-prime-001,b-bef49e4e7dc0,-10,b-bef49e4e7dc0.dedup,dedup:1629
CORR5669,5669,nautilus-prime-001,nautilus-prime-001,b-bfc37b409fbe,-10,b-bfc37b409fbe.dedup,dedup:5669
CORR3671,3671,nautilus-prime-001,nautilus-prime-001,b-bff15aaa778d,-10,b-bff15aaa778d.dedup,dedup:3671
CORR6238,6238,nautilus-prime-001,nautilus-prime-001,b-c02f2e734c1e,-30,b-c02f2e734c1e.dedup,dedup:6238
CORR4752,4752,nautilus-prime-001,nautilus-prime-001,b-c046e1aa2fca,-10,b-c046e1aa2fca.dedup,dedup:4752
CORR2174,2174,nautilus-prime-001,nautilus-prime-001,b-c053afe4b2e7,-10,b-c053afe4b2e7.dedup,dedup:2174
CORR6920,6920,nautilus-prime-001,nautilus-prime-001,b-c079214806e7,-40,b-c079214806e7.dedup,dedup:6920
CORR3084,3084,nautilus-prime-001,nautilus-prime-001,b-c08f19194938,-10,b-c08f19194938.dedup,dedup:3084
CORR959,959,nautilus-prime-001,nautilus-prime-001,b-c0ae33d93837,-30,b-c0ae33d93837.dedup,dedup:959
CORR4093,4093,nautilus-prime-001,nautilus-prime-001,b-c0d9eecef7ba,-10,b-c0d9eecef7ba.dedup,dedup:4093
CORR1947,1947,nautilus-prime-001,nautilus-prime-001,b-c1e586a68dfe,-10,b-c1e586a68dfe.dedup,dedup:1947
CORR2012,2012,nautilus-prime-001,nautilus-prime-001,b-c2da72031ca6,-10,b-c2da72031ca6.dedup,dedup:2012
CORR7947,7947,nautilus-prime-001,nautilus-prime-001,b-c37ee1726318,-10,b-c37ee1726318.dedup,dedup:7947
CORR3832,3832,nautilus-prime-001,nautilus-prime-001,b-c39a005b2bc7,-10,b-c39a005b2bc7.dedup,dedup:3832
CORR3969,3969,nautilus-prime-001,nautilus-prime-001,b-c3a96c07c23e,-10,b-c3a96c07c23e.dedup,dedup:3969
CORR3292,3292,nautilus-prime-001,nautilus-prime-001,b-c3b5f2d2437d,-10,b-c3b5f2d2437d.dedup,dedup:3292
CORR3536,3536,nautilus-prime-001,nautilus-prime-001,b-c414034b8e40,-15,b-c414034b8e40.dedup,dedup:3536
CORR2329,2329,nautilus-prime-001,nautilus-prime-001,b-c4623ec3e813,-30,b-c4623ec3e813.dedup,dedup:2329
CORR5868,5868,nautilus-prime-001,nautilus-prime-001,b-c4675068ad28,-10,b-c4675068ad28.dedup,dedup:5868
CORR5559,5559,nautilus-prime-001,nautilus-prime-001,b-c4f510158574,-10,b-c4f510158574.dedup,dedup:5559
CORR2979,2979,nautilus-prime-001,nautilus-prime-001,b-c53e9c2ac542,-10,b-c53e9c2ac542.dedup,dedup:2979
CORR4112,4112,nautilus-prime-001,nautilus-prime-001,b-c57e3a84ab89,-10,b-c57e3a84ab89.dedup,dedup:4112
CORR2702,2702,nautilus-prime-001,nautilus-prime-001,b-c590657c8018,-10,b-c590657c8018.dedup,dedup:2702
CORR4850,4850,nautilus-prime-001,nautilus-prime-001,b-c5d20cfc6d5d,-15,b-c5d20cfc6d5d.dedup,dedup:4850
CORR3689,3689,nautilus-prime-001,nautilus-prime-001,b-c633843dda93,-10,b-c633843dda93.dedup,dedup:3689
CORR5938,5938,nautilus-prime-001,nautilus-prime-001,b-c69448d2a922,-10,b-c69448d2a922.dedup,dedup:5938
CORR2055,2055,nautilus-prime-001,nautilus-prime-001,b-c7431f89f690,-10,b-c7431f89f690.dedup,dedup:2055
CORR6335,6335,nautilus-prime-001,nautilus-prime-001,b-c7caa0faa30e,-10,b-c7caa0faa30e.dedup,dedup:6335
CORR2429,2429,nautilus-prime-001,nautilus-prime-001,b-c7f89069e811,-10,b-c7f89069e811.dedup,dedup:2429
CORR4840,4840,nautilus-prime-001,nautilus-prime-001,b-c987f7dc443e,-20,b-c987f7dc443e.dedup,dedup:4840
CORR4052,4052,nautilus-prime-001,nautilus-prime-001,b-ca7793c6eb35,-10,b-ca7793c6eb35.dedup,dedup:4052
CORR6342,6342,nautilus-prime-001,nautilus-prime-001,b-cadaf0d66a6c,-10,b-cadaf0d66a6c.dedup,dedup:6342
CORR6108,6108,nautilus-prime-001,nautilus-prime-001,b-caf3646bc1c1,-30,b-caf3646bc1c1.dedup,dedup:6108
CORR5874,5874,nautilus-prime-001,nautilus-prime-001,b-cb1a17820e05,-10,b-cb1a17820e05.dedup,dedup:5874
CORR5123,5123,nautilus-prime-001,nautilus-prime-001,b-cb92b3158317,-60,b-cb92b3158317.dedup,dedup:5123
CORR6183,6183,nautilus-prime-001,nautilus-prime-001,b-cc56503f0428,-150,b-cc56503f0428.dedup,dedup:6183
CORR5067,5067,nautilus-prime-001,nautilus-prime-001,b-cc9df35d605e,-10,b-cc9df35d605e.dedup,dedup:5067
CORR2717,2717,nautilus-prime-001,nautilus-prime-001,b-ccbbe9b08d55,-10,b-ccbbe9b08d55.dedup,dedup:2717
CORR3273,3273,nautilus-prime-001,nautilus-prime-001,b-cd2dfcc1e131,-10,b-cd2dfcc1e131.dedup,dedup:3273
CORR4248,4248,nautilus-prime-001,nautilus-prime-001,b-cdb61c1cdcae,-25,b-cdb61c1cdcae.dedup,dedup:4248
CORR1481,1481,nautilus-prime-001,nautilus-prime-001,b-cdb79f13b8c6,-10,b-cdb79f13b8c6.dedup,dedup:1481
CORR3360,3360,nautilus-prime-001,nautilus-prime-001,b-ceaeeaaad30c,-10,b-ceaeeaaad30c.dedup,dedup:3360
CORR3682,3682,nautilus-prime-001,nautilus-prime-001,b-cf88af67e809,-10,b-cf88af67e809.dedup,dedup:3682
CORR2044,2044,nautilus-prime-001,nautilus-prime-001,b-cfa09c3b1238,-10,b-cfa09c3b1238.dedup,dedup:2044
CORR1751,1751,nautilus-prime-001,nautilus-prime-001,b-cfd311b98152,-10,b-cfd311b98152.dedup,dedup:1751
CORR5751,5751,nautilus-prime-001,nautilus-prime-001,b-cff6eebc2459,-10,b-cff6eebc2459.dedup,dedup:5751
CORR7933,7933,nautilus-prime-001,nautilus-prime-001,b-currency-exchange-20260929,-120,b-currency-exchange-20260929.dedup,dedup:7933
CORR5755,5755,nautilus-prime-001,nautilus-prime-001,b-d0efa7db1154,-10,b-d0efa7db1154.dedup,dedup:5755
CORR4599,4599,nautilus-prime-001,nautilus-prime-001,b-d1d22c5be695,-30,b-d1d22c5be695.dedup,dedup:4599
CORR6967,6967,nautilus-prime-001,nautilus-prime-001,b-d22d1ac55d65,-10,b-d22d1ac55d65.dedup,dedup:6967
CORR2394,2394,nautilus-prime-001,nautilus-prime-001,b-d2b970a4fc72,-10,b-d2b970a4fc72.dedup,dedup:2394
CORR6354,6354,nautilus-prime-001,nautilus-prime-001,b-d2c2497e2888,-25,b-d2c2497e2888.dedup,dedup:6354
CORR2238,2238,nautilus-prime-001,nautilus-prime-001,b-d3573e8b4e28,-10,b-d3573e8b4e28.dedup,dedup:2238
CORR2245,2245,nautilus-prime-001,nautilus-prime-001,b-d3573e8b4e28,-10,b-d3573e8b4e28.dedup,dedup:2245
CORR6148,6148,nautilus-prime-001,nautilus-prime-001,b-d381e7943a05,-15,b-d381e7943a05.dedup,dedup:6148
CORR2159,2159,nautilus-prime-001,nautilus-prime-001,b-d398c58673ca,-20,b-d398c58673ca.dedup,dedup:2159
CORR4551,4551,nautilus-prime-001,nautilus-prime-001,b-d3cd29f567ef,-10,b-d3cd29f567ef.dedup,dedup:4551
CORR5230,5230,nautilus-prime-001,nautilus-prime-001,b-d40b97a4eaee,-15,b-d40b97a4eaee.dedup,dedup:5230
CORR3199,3199,nautilus-prime-001,nautilus-prime-001,b-d43cd4fe09e4,-10,b-d43cd4fe09e4.dedup,dedup:3199
CORR2024,2024,nautilus-prime-001,nautilus-prime-001,b-d43f08136b32,-10,b-d43f08136b32.dedup,dedup:2024
CORR2128,2128,nautilus-prime-001,nautilus-prime-001,b-d496cbb4672a,-10,b-d496cbb4672a.dedup,dedup:2128
CORR1523,1523,nautilus-prime-001,nautilus-prime-001,b-d5070ab28fe3,-30,b-d5070ab28fe3.dedup,dedup:1523
CORR3570,3570,nautilus-prime-001,nautilus-prime-001,b-d566a4992ba8,-10,b-d566a4992ba8.dedup,dedup:3570
CORR3588,3588,nautilus-prime-001,nautilus-prime-001,b-d566a4992ba8,-10,b-d566a4992ba8.dedup,dedup:3588
CORR3919,3919,nautilus-prime-001,nautilus-prime-001,b-d5e5ba37104a,-10,b-d5e5ba37104a.dedup,dedup:3919
CORR5764,5764,nautilus-prime-001,nautilus-prime-001,b-d6414b4f2773,-10,b-d6414b4f2773.dedup,dedup:5764
CORR4934,4934,nautilus-prime-001,nautilus-prime-001,b-d710ca750aa9,-10,b-d710ca750aa9.dedup,dedup:4934
CORR3616,3616,nautilus-prime-001,nautilus-prime-001,b-d71311093d25,-10,b-d71311093d25.dedup,dedup:3616
CORR5112,5112,nautilus-prime-001,nautilus-prime-001,b-d7391df099f1,-10,b-d7391df099f1.dedup,dedup:5112
CORR2333,2333,nautilus-prime-001,nautilus-prime-001,b-d7594b616645,-10,b-d7594b616645.dedup,dedup:2333
CORR2867,2867,nautilus-prime-001,nautilus-prime-001,b-d788dded87d3,-10,b-d788dded87d3.dedup,dedup:2867
CORR3268,3268,nautilus-prime-001,nautilus-prime-001,b-d79589f47274,-10,b-d79589f47274.dedup,dedup:3268
CORR4584,4584,nautilus-prime-001,nautilus-prime-001,b-d7dc13e9425e,-30,b-d7dc13e9425e.dedup,dedup:4584
CORR3802,3802,nautilus-prime-001,nautilus-prime-001,b-d7f8b2f9bf22,-10,b-d7f8b2f9bf22.dedup,dedup:3802
CORR5224,5224,nautilus-prime-001,nautilus-prime-001,b-d7fe3470005a,-10,b-d7fe3470005a.dedup,dedup:5224
CORR6442,6442,nautilus-prime-001,nautilus-prime-001,b-d82837c665fb,-15,b-d82837c665fb.dedup,dedup:6442
CORR4435,4435,nautilus-prime-001,nautilus-prime-001,b-d8765f485a41,-10,b-d8765f485a41.dedup,dedup:4435
CORR2869,2869,nautilus-prime-001,nautilus-prime-001,b-d8861a30a562,-10,b-d8861a30a562.dedup,dedup:2869
CORR1363,1363,nautilus-prime-001,nautilus-prime-001,b-d926ee49e237,-30,b-d926ee49e237.dedup,dedup:1363
CORR6144,6144,nautilus-prime-001,nautilus-prime-001,b-d9a2a3f0c305,-15,b-d9a2a3f0c305.dedup,dedup:6144
CORR2482,2482,nautilus-prime-001,nautilus-prime-001,b-da1d132f7d52,-10,b-da1d132f7d52.dedup,dedup:2482
CORR1687,1687,nautilus-prime-001,nautilus-prime-001,b-da56283e98cd,-10,b-da56283e98cd.dedup,dedup:1687
CORR1667,1667,nautilus-prime-001,nautilus-prime-001,b-da690709cfca,-10,b-da690709cfca.dedup,dedup:1667
CORR1920,1920,nautilus-prime-001,nautilus-prime-001,b-da78e7515eba,-10,b-da78e7515eba.dedup,dedup:1920
CORR1929,1929,nautilus-prime-001,nautilus-prime-001,b-da78e7515eba,-10,b-da78e7515eba.dedup,dedup:1929
CORR3209,3209,nautilus-prime-001,nautilus-prime-001,b-db1f70f4f4ba,-10,b-db1f70f4f4ba.dedup,dedup:3209
CORR5069,5069,nautilus-prime-001,nautilus-prime-001,b-db35b75cad4b,-18,b-db35b75cad4b.dedup,dedup:5069
CORR2548,2548,nautilus-prime-001,nautilus-prime-001,b-ddd9eb8df54c,-10,b-ddd9eb8df54c.dedup,dedup:2548
CORR2561,2561,nautilus-prime-001,nautilus-prime-001,b-ddd9eb8df54c,-10,b-ddd9eb8df54c.dedup,dedup:2561
CORR5367,5367,nautilus-prime-001,nautilus-prime-001,b-dedc6bff6746,-15,b-dedc6bff6746.dedup,dedup:5367
CORR7915,7915,nautilus-prime-001,nautilus-prime-001,b-dee736ee0400,-30,b-dee736ee0400.dedup,dedup:7915
CORR1904,1904,nautilus-prime-001,nautilus-prime-001,b-def51fc5002b,-10,b-def51fc5002b.dedup,dedup:1904
CORR7881,7881,nautilus-prime-001,nautilus-prime-001,b-df03ad965d3e,-30,b-df03ad965d3e.dedup,dedup:7881
CORR4549,4549,nautilus-prime-001,nautilus-prime-001,b-df5012ce46d5,-15,b-df5012ce46d5.dedup,dedup:4549
CORR5249,5249,nautilus-prime-001,nautilus-prime-001,b-df76cceda725,-10,b-df76cceda725.dedup,dedup:5249
CORR4561,4561,nautilus-prime-001,nautilus-prime-001,b-dup-test-001,-10,b-dup-test-001.dedup,dedup:4561
CORR2116,2116,nautilus-prime-001,nautilus-prime-001,b-e024c9b087fe,-10,b-e024c9b087fe.dedup,dedup:2116
CORR5654,5654,nautilus-prime-001,nautilus-prime-001,b-e031cc6246bc,-10,b-e031cc6246bc.dedup,dedup:5654
CORR5963,5963,nautilus-prime-001,nautilus-prime-001,b-e0c80f6582c9,-10,b-e0c80f6582c9.dedup,dedup:5963
CORR2568,2568,nautilus-prime-001,nautilus-prime-001,b-e298af836e7d,-10,b-e298af836e7d.dedup,dedup:2568
CORR1648,1648,nautilus-prime-001,nautilus-prime-001,b-e2a310f23444,-10,b-e2a310f23444.dedup,dedup:1648
CORR4837,4837,nautilus-prime-001,nautilus-prime-001,b-e2d0a38c82ff,-25,b-e2d0a38c82ff.dedup,dedup:4837
CORR4274,4274,nautilus-prime-001,nautilus-prime-001,b-e3098dc7b270,-10,b-e3098dc7b270.dedup,dedup:4274
CORR2181,2181,nautilus-prime-001,nautilus-prime-001,b-e36cc5f1286c,-10,b-e36cc5f1286c.dedup,dedup:2181
CORR4323,4323,nautilus-prime-001,nautilus-prime-001,b-e3b7dc65474f,-10,b-e3b7dc65474f.dedup,dedup:4323
CORR2211,2211,nautilus-prime-001,nautilus-prime-001,b-e3ddb3d5a854,-10,b-e3ddb3d5a854.dedup,dedup:2211
CORR2217,2217,nautilus-prime-001,nautilus-prime-001,b-e3e17f787045,-20,b-e3e17f787045.dedup,dedup:2217
CORR1106,1106,nautilus-prime-001,nautilus-prime-001,b-e42da691876b,-10,b-e42da691876b.dedup,dedup:1106
CORR3806,3806,nautilus-prime-001,nautilus-prime-001,b-e4f48e164bda,-10,b-e4f48e164bda.dedup,dedup:3806
CORR1778,1778,nautilus-prime-001,nautilus-prime-001,b-e59ad75aff2a,-10,b-e59ad75aff2a.dedup,dedup:1778
CORR6264,6264,nautilus-prime-001,nautilus-prime-001,b-e6e84ad5bf3b,-30,b-e6e84ad5bf3b.dedup,dedup:6264
CORR3466,3466,nautilus-prime-001,nautilus-prime-001,b-e7aef4203243,-10,b-e7aef4203243.dedup,dedup:3466
CORR5967,5967,nautilus-prime-001,nautilus-prime-001,b-e7c1a7494efb,-40,b-e7c1a7494efb.dedup,dedup:5967
CORR4794,4794,nautilus-prime-001,nautilus-prime-001,b-e7c7148d90ab,-10,b-e7c7148d90ab.dedup,dedup:4794
CORR2766,2766,nautilus-prime-001,nautilus-prime-001,b-e8370169ba63,-10,b-e8370169ba63.dedup,dedup:2766
CORR3118,3118,nautilus-prime-001,nautilus-prime-001,b-e8b8df5d5e99,-10,b-e8b8df5d5e99.dedup,dedup:3118
CORR3419,3419,nautilus-prime-001,nautilus-prime-001,b-e918f9b0de83,-10,b-e918f9b0de83.dedup,dedup:3419
CORR6416,6416,nautilus-prime-001,nautilus-prime-001,b-eb602e310c10,-200,b-eb602e310c10.dedup,dedup:6416
CORR1612,1612,nautilus-prime-001,nautilus-prime-001,b-ec6e2f3b1c37,-10,b-ec6e2f3b1c37.dedup,dedup:1612
CORR3848,3848,nautilus-prime-001,nautilus-prime-001,b-ed0fd7d5de57,-10,b-ed0fd7d5de57.dedup,dedup:3848
CORR7869,7869,nautilus-prime-001,nautilus-prime-001,b-ed3494ced195,-200,b-ed3494ced195.dedup,dedup:7869
CORR1295,1295,nautilus-prime-001,nautilus-prime-001,b-ed3530f3bef5,-50,b-ed3530f3bef5.dedup,dedup:1295
CORR5038,5038,nautilus-prime-001,nautilus-prime-001,b-eec3e75062e1,-50,b-eec3e75062e1.dedup,dedup:5038
CORR1663,1663,nautilus-prime-001,nautilus-prime-001,b-ef2632d6c368,-10,b-ef2632d6c368.dedup,dedup:1663
CORR1056,1056,nautilus-prime-001,nautilus-prime-001,b-ef8fe44e4aa1,-10,b-ef8fe44e4aa1.dedup,dedup:1056
CORR3510,3510,nautilus-prime-001,nautilus-prime-001,b-f08c984c2edd,-10,b-f08c984c2edd.dedup,dedup:3510
CORR3521,3521,nautilus-prime-001,nautilus-prime-001,b-f08c984c2edd,-10,b-f08c984c2edd.dedup,dedup:3521
CORR3335,3335,nautilus-prime-001,nautilus-prime-001,b-f124174b2ee9,-10,b-f124174b2ee9.dedup,dedup:3335
CORR3563,3563,nautilus-prime-001,nautilus-prime-001,b-f130e2047ea8,-10,b-f130e2047ea8.dedup,dedup:3563
CORR851,851,nautilus-prime-001,nautilus-prime-001,b-f16740ea350c,-30,b-f16740ea350c.dedup,dedup:851
CORR3124,3124,nautilus-prime-001,nautilus-prime-001,b-f1aa1524f194,-10,b-f1aa1524f194.dedup,dedup:3124
CORR2028,2028,nautilus-prime-001,nautilus-prime-001,b-f1dab205650a,-10,b-f1dab205650a.dedup,dedup:2028
CORR1665,1665,nautilus-prime-001,nautilus-prime-001,b-f1ea09420cf6,-10,b-f1ea09420cf6.dedup,dedup:1665
CORR1586,1586,nautilus-prime-001,nautilus-prime-001,b-f29d131780a0,-30,b-f29d131780a0.dedup,dedup:1586
CORR5738,5738,nautilus-prime-001,nautilus-prime-001,b-f29fa6c6aae9,-10,b-f29fa6c6aae9.dedup,dedup:5738
CORR3784,3784,nautilus-prime-001,nautilus-prime-001,b-f3e63a38f606,-10,b-f3e63a38f606.dedup,dedup:3784
CORR5934,5934,nautilus-prime-001,nautilus-prime-001,b-f41aa079e87c,-10,b-f41aa079e87c.dedup,dedup:5934
CORR2709,2709,nautilus-prime-001,nautilus-prime-001,b-f479cd42cb48,-10,b-f479cd42cb48.dedup,dedup:2709
CORR3159,3159,nautilus-prime-001,nautilus-prime-001,b-f4ab2d6fdf25,-10,b-f4ab2d6fdf25.dedup,dedup:3159
CORR3544,3544,nautilus-prime-001,nautilus-prime-001,b-f53bf7542cba,-10,b-f53bf7542cba.dedup,dedup:3544
CORR3866,3866,nautilus-prime-001,nautilus-prime-001,b-f59e4b6d6576,-15,b-f59e4b6d6576.dedup,dedup:3866
CORR3122,3122,nautilus-prime-001,nautilus-prime-001,b-f62ef5524fdd,-10,b-f62ef5524fdd.dedup,dedup:3122
CORR3367,3367,nautilus-prime-001,nautilus-prime-001,b-f6bcd7f21975,-10,b-f6bcd7f21975.dedup,dedup:3367
CORR4415,4415,nautilus-prime-001,nautilus-prime-001,b-f79823117d2a,-25,b-f79823117d2a.dedup,dedup:4415
CORR2698,2698,nautilus-prime-001,nautilus-prime-001,b-f7c867c68488,-10,b-f7c867c68488.dedup,dedup:2698
CORR3303,3303,nautilus-prime-001,nautilus-prime-001,b-f8a839252fe4,-10,b-f8a839252fe4.dedup,dedup:3303
CORR3320,3320,nautilus-prime-001,nautilus-prime-001,b-f8a839252fe4,-10,b-f8a839252fe4.dedup,dedup:3320
CORR2522,2522,nautilus-prime-001,nautilus-prime-001,b-f8f25d7e6179,-10,b-f8f25d7e6179.dedup,dedup:2522
CORR2026,2026,nautilus-prime-001,nautilus-prime-001,b-f972ec5d5f5a,-10,b-f972ec5d5f5a.dedup,dedup:2026
CORR3592,3592,nautilus-prime-001,nautilus-prime-001,b-f9ce46be13a5,-10,b-f9ce46be13a5.dedup,dedup:3592
CORR5495,5495,nautilus-prime-001,nautilus-prime-001,b-fa17475a5d6e,-10,b-fa17475a5d6e.dedup,dedup:5495
CORR4959,4959,nautilus-prime-001,nautilus-prime-001,b-fa6ca01d414d,-10,b-fa6ca01d414d.dedup,dedup:4959
CORR3328,3328,nautilus-prime-001,nautilus-prime-001,b-fb999eabcf7e,-10,b-fb999eabcf7e.dedup,dedup:3328
CORR2274,2274,nautilus-prime-001,nautilus-prime-001,b-fc3e92c27e69,-10,b-fc3e92c27e69.dedup,dedup:2274
CORR5437,5437,nautilus-prime-001,nautilus-prime-001,b-fc4f8521bce1,-10,b-fc4f8521bce1.dedup,dedup:5437
CORR1976,1976,nautilus-prime-001,nautilus-prime-001,b-fcedd420b56e,-10,b-fcedd420b56e.dedup,dedup:1976
CORR3500,3500,nautilus-prime-001,nautilus-prime-001,b-fd17893825de,-10,b-fd17893825de.dedup,dedup:3500
CORR2544,2544,nautilus-prime-001,nautilus-prime-001,b-fd940a1da7cf,-10,b-fd940a1da7cf.dedup,dedup:2544
CORR2557,2557,nautilus-prime-001,nautilus-prime-001,b-fd940a1da7cf,-10,b-fd940a1da7cf.dedup,dedup:2557
CORR3887,3887,nautilus-prime-001,nautilus-prime-001,b-ffac9a1a195e,-10,b-ffac9a1a195e.dedup,dedup:3887
CORR6597,6597,nautilus-prime-001,nautilus-prime-001,b-fff27e29540d,-20,b-fff27e29540d.dedup,dedup:6597
CORR7929,7929,nautilus-prime-001,nautilus-prime-001,b-forge-injector-20260928,-50,b-forge-injector-20260928.dedup,dedup:7929
CORR1308,1308,nautilus-prime-001,nautilus-prime-001,b-g4-3-dead-letter-38,-80,b-g4-3-dead-letter-38.dedup,dedup:1308
CORR1403,1403,nautilus-prime-001,nautilus-prime-001,b-g4-4-self-modify-git-loop,-150,b-g4-4-self-modify-git-loop.dedup,dedup:1403
CORR1317,1317,nautilus-prime-001,nautilus-prime-001,b-g6-1-v5-reply-mechanism-design,-250,b-g6-1-v5-reply-mechanism-design.dedup,dedup:1317
CORR1333,1333,nautilus-prime-001,nautilus-prime-001,b-g8-d-meta-3agent-cross-verify,-100,b-g8-d-meta-3agent-cross-verify.dedup,dedup:1333
CORR7953,7953,nautilus-prime-001,nautilus-prime-001,b-human-003-doc-label-20261001,-40,b-human-003-doc-label-20261001.dedup,dedup:7953
CORR7923,7923,nautilus-prime-001,nautilus-prime-001,b-mailbox-schema-20260928,-40,b-mailbox-schema-20260928.dedup,dedup:7923
CORR7939,7939,nautilus-prime-001,nautilus-prime-001,b-sla-redline-nda-20261001,-30,b-sla-redline-nda-20261001.dedup,dedup:7939
CORR7967,7967,nautilus-prime-001,nautilus-prime-001,b-turbo-f001,-10,b-turbo-f001.dedup,dedup:7967
CORR7983,7983,nautilus-prime-001,nautilus-prime-001,b-turbo-f002,-10,b-turbo-f002.dedup,dedup:7983
CORR7985,7985,nautilus-prime-001,nautilus-prime-001,b-turbo-f003,-10,b-turbo-f003.dedup,dedup:7985
CORR7973,7973,nautilus-prime-001,nautilus-prime-001,b-turbo-f004,-10,b-turbo-f004.dedup,dedup:7973
CORR7991,7991,nautilus-prime-001,nautilus-prime-001,b-turbo-f006,-10,b-turbo-f006.dedup,dedup:7991
CORR7981,7981,nautilus-prime-001,nautilus-prime-001,b-turbo-f007,-10,b-turbo-f007.dedup,dedup:7981
CORR7989,7989,nautilus-prime-001,nautilus-prime-001,b-turbo-f008,-10,b-turbo-f008.dedup,dedup:7989
CORR7987,7987,nautilus-prime-001,nautilus-prime-001,b-turbo-f009,-10,b-turbo-f009.dedup,dedup:7987
CORR7979,7979,nautilus-prime-001,nautilus-prime-001,b-turbo-f011,-10,b-turbo-f011.dedup,dedup:7979
CORR7975,7975,nautilus-prime-001,nautilus-prime-001,b-turbo-f013,-10,b-turbo-f013.dedup,dedup:7975
CORR7977,7977,nautilus-prime-001,nautilus-prime-001,b-turbo-f014,-10,b-turbo-f014.dedup,dedup:7977
CORR7965,7965,nautilus-prime-001,nautilus-prime-001,b-turbo-f016,-10,b-turbo-f016.dedup,dedup:7965
CORR8047,8047,nautilus-prime-001,nautilus-prime-001,b-turbo-f041,-10,b-turbo-f041.dedup,dedup:8047
CORR8049,8049,nautilus-prime-001,nautilus-prime-001,b-turbo-f073,-10,b-turbo-f073.dedup,dedup:8049
CORR8179,8179,nautilus-prime-001,nautilus-prime-001,b-turbo-f153,-10,b-turbo-f153.dedup,dedup:8179
CORR8177,8177,nautilus-prime-001,nautilus-prime-001,b-turbo-f171,-10,b-turbo-f171.dedup,dedup:8177
CORR7935,7935,nautilus-prime-001,nautilus-prime-001,b-weekly-scoreboard-20260928,-60,b-weekly-scoreboard-20260928.dedup,dedup:7935
CORR769,769,nautilus-prime-001,nautilus-prime-001,dogfood-v5-e7eace48,-100,dogfood-v5-e7eace48.dedup,dedup:769
CORR854,854,nautilus-prime-001,nautilus-prime-001,dogfood-v6-ddb7aec9,-80,dogfood-v6-ddb7aec9.dedup,dedup:854
CORR844,844,nautilus-prime-001,nautilus-prime-001,meta-claudemd-002,-50,meta-claudemd-002.dedup,dedup:844
CORR845,845,nautilus-prime-001,nautilus-prime-001,meta-claudemd-002,-50,meta-claudemd-002.dedup,dedup:845
CORR846,846,nautilus-prime-001,nautilus-prime-001,meta-claudemd-002,-50,meta-claudemd-002.dedup,dedup:846
CORR848,848,nautilus-prime-001,nautilus-prime-001,meta-claudemd-002,-50,meta-claudemd-002.dedup,dedup:848
CORR6996,6996,nautilus-prime-001,nautilus-prime-001,mkt-06249d4dabcd4103b08d6b400ba6239d,-50,mkt-06249d4dabcd4103b08d6b400ba6239d.dedup,dedup:6996
CORR4156,4156,nautilus-prime-001,nautilus-prime-001,mkt-281c03abcdff4c9285112adc8a4b97c4,-50,mkt-281c03abcdff4c9285112adc8a4b97c4.dedup,dedup:4156
CORR6244,6244,nautilus-prime-001,nautilus-prime-001,mkt-3060de07a3c5465abfd94c2e7d03daff,-50,mkt-3060de07a3c5465abfd94c2e7d03daff.dedup,dedup:6244
CORR6257,6257,nautilus-prime-001,nautilus-prime-001,mkt-31a64f79f0d2456f8dbaa7ae90610da4,-50,mkt-31a64f79f0d2456f8dbaa7ae90610da4.dedup,dedup:6257
CORR1113,1113,nautilus-prime-001,nautilus-prime-001,mkt-3fe7aa6d0f8946d892be66deb61c28e7,-50,mkt-3fe7aa6d0f8946d892be66deb61c28e7.dedup,dedup:1113
CORR6408,6408,nautilus-prime-001,nautilus-prime-001,mkt-7797ad357000425a844ee892105980b4,-50,mkt-7797ad357000425a844ee892105980b4.dedup,dedup:6408
CORR6224,6224,nautilus-prime-001,nautilus-prime-001,mkt-bf693e1f653445dc9c8d5bedb237cc85,-50,mkt-bf693e1f653445dc9c8d5bedb237cc85.dedup,dedup:6224
CORR1188,1188,nautilus-prime-001,nautilus-prime-001,mkt-dbe037b440e14e96a2d65a9a04e1b4d8,-50,mkt-dbe037b440e14e96a2d65a9a04e1b4d8.dedup,dedup:1188
CORR6124,6124,nautilus-prime-001,nautilus-prime-001,mkt-edd906e574b941cd931854331d16c8de,-50,mkt-edd906e574b941cd931854331d16c8de.dedup,dedup:6124
CORR1325,1325,nautilus-prime-001,nautilus-prime-001,reply-devto-reply-6ebec17a10cf,-10,reply-devto-reply-6ebec17a10cf.dedup,dedup:1325
CORR1456,1456,nautilus-prime-001,nautilus-prime-001,skill-bounty-self-id-check-1779114202,-20,skill-bounty-self-id-check-1779114202.dedup,dedup:1456
CORR1068,1068,nautilus-prime-001,nautilus-prime-001,v5-recovery-test-1779097547,-10,v5-recovery-test-1779097547.dedup,dedup:1068
CORR1525,1525,nautilus-prime-001,nautilus-prime-001,v7-tk_1778599040633,-100,v7-tk_1778599040633.dedup,dedup:1525
CORR7865,7865,nautilus-prime-001,nautilus-prime-001,v7-tool-0171c019102b,-100,v7-tool-0171c019102b.dedup,dedup:7865
CORR7893,7893,nautilus-prime-001,nautilus-prime-001,v7-tool-05556bee4f60,-25,v7-tool-05556bee4f60.dedup,dedup:7893
CORR2472,2472,nautilus-prime-001,nautilus-prime-001,v7-tool-0ae870349593,-30,v7-tool-0ae870349593.dedup,dedup:2472
CORR6083,6083,nautilus-prime-001,nautilus-prime-001,v7-tool-0b8ac1447dcc,-500,v7-tool-0b8ac1447dcc.dedup,dedup:6083
CORR1392,1392,nautilus-prime-001,nautilus-prime-001,v7-tool-0c5dfd13f556,-80,v7-tool-0c5dfd13f556.dedup,dedup:1392
CORR3706,3706,nautilus-prime-001,nautilus-prime-001,v7-tool-0c982a386203,-15,v7-tool-0c982a386203.dedup,dedup:3706
CORR3747,3747,nautilus-prime-001,nautilus-prime-001,v7-tool-0c982a386203,-15,v7-tool-0c982a386203.dedup,dedup:3747
CORR4089,4089,nautilus-prime-001,nautilus-prime-001,v7-tool-0e3fefc0494c,-25,v7-tool-0e3fefc0494c.dedup,dedup:4089
CORR2068,2068,nautilus-prime-001,nautilus-prime-001,v7-tool-10e386bd2cf2,-20,v7-tool-10e386bd2cf2.dedup,dedup:2068
CORR1869,1869,nautilus-prime-001,nautilus-prime-001,v7-tool-15114ce0098a,-20,v7-tool-15114ce0098a.dedup,dedup:1869
CORR954,954,nautilus-prime-001,nautilus-prime-001,v7-tool-161116b5bb6c,-30,v7-tool-161116b5bb6c.dedup,dedup:954
CORR7883,7883,nautilus-prime-001,nautilus-prime-001,v7-tool-19ed874afc48,-30,v7-tool-19ed874afc48.dedup,dedup:7883
CORR6896,6896,nautilus-prime-001,nautilus-prime-001,v7-tool-1a5d74fedadb,-20,v7-tool-1a5d74fedadb.dedup,dedup:6896
CORR4393,4393,nautilus-prime-001,nautilus-prime-001,v7-tool-1bd0c07dfc37,-40,v7-tool-1bd0c07dfc37.dedup,dedup:4393
CORR7903,7903,nautilus-prime-001,nautilus-prime-001,v7-tool-1d18ce51dc00,-25,v7-tool-1d18ce51dc00.dedup,dedup:7903
CORR2423,2423,nautilus-prime-001,nautilus-prime-001,v7-tool-1effee8a5d9c,-50,v7-tool-1effee8a5d9c.dedup,dedup:2423
CORR2425,2425,nautilus-prime-001,nautilus-prime-001,v7-tool-1effee8a5d9c,-50,v7-tool-1effee8a5d9c.dedup,dedup:2425
CORR7051,7051,nautilus-prime-001,nautilus-prime-001,v7-tool-20a1000ae1f5,-150,v7-tool-20a1000ae1f5.dedup,dedup:7051
CORR7059,7059,nautilus-prime-001,nautilus-prime-001,v7-tool-20a1000ae1f5,-150,v7-tool-20a1000ae1f5.dedup,dedup:7059
CORR1324,1324,nautilus-prime-001,nautilus-prime-001,v7-tool-21736bfb6adf,-20,v7-tool-21736bfb6adf.dedup,dedup:1324
CORR7043,7043,nautilus-prime-001,nautilus-prime-001,v7-tool-2a30be29b983,-30,v7-tool-2a30be29b983.dedup,dedup:7043
CORR7861,7861,nautilus-prime-001,nautilus-prime-001,v7-tool-3294e212f43b,-200,v7-tool-3294e212f43b.dedup,dedup:7861
CORR7905,7905,nautilus-prime-001,nautilus-prime-001,v7-tool-3435a08937ec,-50,v7-tool-3435a08937ec.dedup,dedup:7905
CORR1979,1979,nautilus-prime-001,nautilus-prime-001,v7-tool-36ac94131790,-30,v7-tool-36ac94131790.dedup,dedup:1979
CORR7879,7879,nautilus-prime-001,nautilus-prime-001,v7-tool-37ac00a99d20,-25,v7-tool-37ac00a99d20.dedup,dedup:7879
CORR4314,4314,nautilus-prime-001,nautilus-prime-001,v7-tool-392cc55ba8d4,-50,v7-tool-392cc55ba8d4.dedup,dedup:4314
CORR6322,6322,nautilus-prime-001,nautilus-prime-001,v7-tool-3b25a2dbf528,-100,v7-tool-3b25a2dbf528.dedup,dedup:6322
CORR8175,8175,nautilus-prime-001,nautilus-prime-001,v7-tool-3d488af9f1ef,-30,v7-tool-3d488af9f1ef.dedup,dedup:8175
CORR7863,7863,nautilus-prime-001,nautilus-prime-001,v7-tool-3ec606060884,-50,v7-tool-3ec606060884.dedup,dedup:7863
CORR6167,6167,nautilus-prime-001,nautilus-prime-001,v7-tool-42fa8dd02acd,-20,v7-tool-42fa8dd02acd.dedup,dedup:6167
CORR1631,1631,nautilus-prime-001,nautilus-prime-001,v7-tool-4398629e2661,-30,v7-tool-4398629e2661.dedup,dedup:1631
CORR1764,1764,nautilus-prime-001,nautilus-prime-001,v7-tool-4b1e536f288b,-25,v7-tool-4b1e536f288b.dedup,dedup:1764
CORR1776,1776,nautilus-prime-001,nautilus-prime-001,v7-tool-4b1e536f288b,-25,v7-tool-4b1e536f288b.dedup,dedup:1776
CORR2385,2385,nautilus-prime-001,nautilus-prime-001,v7-tool-4bd9c8d86f3e,-50,v7-tool-4bd9c8d86f3e.dedup,dedup:2385
CORR2388,2388,nautilus-prime-001,nautilus-prime-001,v7-tool-4bd9c8d86f3e,-50,v7-tool-4bd9c8d86f3e.dedup,dedup:2388
CORR2397,2397,nautilus-prime-001,nautilus-prime-001,v7-tool-4bd9c8d86f3e,-50,v7-tool-4bd9c8d86f3e.dedup,dedup:2397
CORR6038,6038,nautilus-prime-001,nautilus-prime-001,v7-tool-4d59673e23e2,-25,v7-tool-4d59673e23e2.dedup,dedup:6038
CORR6566,6566,nautilus-prime-001,nautilus-prime-001,v7-tool-4d7680845749,-20,v7-tool-4d7680845749.dedup,dedup:6566
CORR7871,7871,nautilus-prime-001,nautilus-prime-001,v7-tool-4de49db55b98,-20,v7-tool-4de49db55b98.dedup,dedup:7871
CORR2922,2922,nautilus-prime-001,nautilus-prime-001,v7-tool-4ebf0032d389,-30,v7-tool-4ebf0032d389.dedup,dedup:2922
CORR1739,1739,nautilus-prime-001,nautilus-prime-001,v7-tool-4eed07ecdfcd,-30,v7-tool-4eed07ecdfcd.dedup,dedup:1739
CORR6070,6070,nautilus-prime-001,nautilus-prime-001,v7-tool-53d416ef2ef8,-1000,v7-tool-53d416ef2ef8.dedup,dedup:6070
CORR7917,7917,nautilus-prime-001,nautilus-prime-001,v7-tool-5a4869ce690e,-10,v7-tool-5a4869ce690e.dedup,dedup:7917
CORR7913,7913,nautilus-prime-001,nautilus-prime-001,v7-tool-5cda7f6d043b,-50,v7-tool-5cda7f6d043b.dedup,dedup:7913
CORR4605,4605,nautilus-prime-001,nautilus-prime-001,v7-tool-618e1b61bb15,-50,v7-tool-618e1b61bb15.dedup,dedup:4605
CORR6059,6059,nautilus-prime-001,nautilus-prime-001,v7-tool-62de74c73c75,-20,v7-tool-62de74c73c75.dedup,dedup:6059
CORR3029,3029,nautilus-prime-001,nautilus-prime-001,v7-tool-63317e2548cb,-20,v7-tool-63317e2548cb.dedup,dedup:3029
CORR7049,7049,nautilus-prime-001,nautilus-prime-001,v7-tool-638368f370f7,-30,v7-tool-638368f370f7.dedup,dedup:7049
CORR6872,6872,nautilus-prime-001,nautilus-prime-001,v7-tool-67c32835f786,-20,v7-tool-67c32835f786.dedup,dedup:6872
CORR7937,7937,nautilus-prime-001,nautilus-prime-001,v7-tool-68ca4371491b,-30,v7-tool-68ca4371491b.dedup,dedup:7937
CORR5824,5824,nautilus-prime-001,nautilus-prime-001,v7-tool-6e6e52dcca8f,-55,v7-tool-6e6e52dcca8f.dedup,dedup:5824
CORR2411,2411,nautilus-prime-001,nautilus-prime-001,v7-tool-6e769cd9ea04,-15,v7-tool-6e769cd9ea04.dedup,dedup:2411
CORR6118,6118,nautilus-prime-001,nautilus-prime-001,v7-tool-6eca308b2685,-15,v7-tool-6eca308b2685.dedup,dedup:6118
CORR7959,7959,nautilus-prime-001,nautilus-prime-001,v7-tool-6f00282d2175,-30,v7-tool-6f00282d2175.dedup,dedup:7959
CORR4076,4076,nautilus-prime-001,nautilus-prime-001,v7-tool-73e6008dc1d6,-10,v7-tool-73e6008dc1d6.dedup,dedup:4076
CORR7061,7061,nautilus-prime-001,nautilus-prime-001,v7-tool-73eff1ff2460,-25,v7-tool-73eff1ff2460.dedup,dedup:7061
CORR3195,3195,nautilus-prime-001,nautilus-prime-001,v7-tool-76a3e09f1450,-50,v7-tool-76a3e09f1450.dedup,dedup:3195
CORR7901,7901,nautilus-prime-001,nautilus-prime-001,v7-tool-779e5fb4a837,-30,v7-tool-779e5fb4a837.dedup,dedup:7901
CORR7867,7867,nautilus-prime-001,nautilus-prime-001,v7-tool-77c5481246d7,-60,v7-tool-77c5481246d7.dedup,dedup:7867
CORR2452,2452,nautilus-prime-001,nautilus-prime-001,v7-tool-77d42a8989ee,-25,v7-tool-77d42a8989ee.dedup,dedup:2452
CORR7891,7891,nautilus-prime-001,nautilus-prime-001,v7-tool-78dbd543d64b,-30,v7-tool-78dbd543d64b.dedup,dedup:7891
CORR3101,3101,nautilus-prime-001,nautilus-prime-001,v7-tool-7bda710f2195,-15,v7-tool-7bda710f2195.dedup,dedup:3101
CORR6874,6874,nautilus-prime-001,nautilus-prime-001,v7-tool-7c020b729a59,-20,v7-tool-7c020b729a59.dedup,dedup:6874
CORR1458,1458,nautilus-prime-001,nautilus-prime-001,v7-tool-7d5b4f42caa3,-70,v7-tool-7d5b4f42caa3.dedup,dedup:1458
CORR7045,7045,nautilus-prime-001,nautilus-prime-001,v7-tool-7ef30eda34b5,-80,v7-tool-7ef30eda34b5.dedup,dedup:7045
CORR1207,1207,nautilus-prime-001,nautilus-prime-001,v7-tool-87c27117ed6a,-50,v7-tool-87c27117ed6a.dedup,dedup:1207
CORR4592,4592,nautilus-prime-001,nautilus-prime-001,v7-tool-8b908a514fd6,-80,v7-tool-8b908a514fd6.dedup,dedup:4592
CORR6404,6404,nautilus-prime-001,nautilus-prime-001,v7-tool-8e9681572bc8,-20,v7-tool-8e9681572bc8.dedup,dedup:6404
CORR3947,3947,nautilus-prime-001,nautilus-prime-001,v7-tool-90392c3652f0,-30,v7-tool-90392c3652f0.dedup,dedup:3947
CORR5768,5768,nautilus-prime-001,nautilus-prime-001,v7-tool-90b579510434,-50,v7-tool-90b579510434.dedup,dedup:5768
CORR6127,6127,nautilus-prime-001,nautilus-prime-001,v7-tool-916fc7b365b6,-150,v7-tool-916fc7b365b6.dedup,dedup:6127
CORR4254,4254,nautilus-prime-001,nautilus-prime-001,v7-tool-92edd3260ad7,-30,v7-tool-92edd3260ad7.dedup,dedup:4254
CORR6881,6881,nautilus-prime-001,nautilus-prime-001,v7-tool-943f47f64ec9,-20,v7-tool-943f47f64ec9.dedup,dedup:6881
CORR6220,6220,nautilus-prime-001,nautilus-prime-001,v7-tool-952e2dec2132,-80,v7-tool-952e2dec2132.dedup,dedup:6220
CORR5778,5778,nautilus-prime-001,nautilus-prime-001,v7-tool-97047179e0f8,-50,v7-tool-97047179e0f8.dedup,dedup:5778
CORR4633,4633,nautilus-prime-001,nautilus-prime-001,v7-tool-9770d71c9c34,-30,v7-tool-9770d71c9c34.dedup,dedup:4633
CORR6870,6870,nautilus-prime-001,nautilus-prime-001,v7-tool-991d199ed4f9,-20,v7-tool-991d199ed4f9.dedup,dedup:6870
CORR6068,6068,nautilus-prime-001,nautilus-prime-001,v7-tool-a001b332a774,-500,v7-tool-a001b332a774.dedup,dedup:6068
CORR6657,6657,nautilus-prime-001,nautilus-prime-001,v7-tool-a6d30b1d9061,-50,v7-tool-a6d30b1d9061.dedup,dedup:6657
CORR7032,7032,nautilus-prime-001,nautilus-prime-001,v7-tool-a70760e2271d,-60,v7-tool-a70760e2271d.dedup,dedup:7032
CORR7857,7857,nautilus-prime-001,nautilus-prime-001,v7-tool-a73489bf1ee0,-20,v7-tool-a73489bf1ee0.dedup,dedup:7857
CORR7899,7899,nautilus-prime-001,nautilus-prime-001,v7-tool-a73f18dcd3e2,-80,v7-tool-a73f18dcd3e2.dedup,dedup:7899
CORR1321,1321,nautilus-prime-001,nautilus-prime-001,v7-tool-aa01bf49d63d,-50,v7-tool-aa01bf49d63d.dedup,dedup:1321
CORR1390,1390,nautilus-prime-001,nautilus-prime-001,v7-tool-aabcd0e49108,-200,v7-tool-aabcd0e49108.dedup,dedup:1390
CORR7957,7957,nautilus-prime-001,nautilus-prime-001,v7-tool-ab8c9f1f2e02,-50,v7-tool-ab8c9f1f2e02.dedup,dedup:7957
CORR7825,7825,nautilus-prime-001,nautilus-prime-001,v7-tool-ac4754ff7901,-20,v7-tool-ac4754ff7901.dedup,dedup:7825
CORR1098,1098,nautilus-prime-001,nautilus-prime-001,v7-tool-aed8a2671e74,-100,v7-tool-aed8a2671e74.dedup,dedup:1098
CORR6230,6230,nautilus-prime-001,nautilus-prime-001,v7-tool-b29c7ba11410,-50,v7-tool-b29c7ba11410.dedup,dedup:6230
CORR7047,7047,nautilus-prime-001,nautilus-prime-001,v7-tool-b3edf8c2ab69,-50,v7-tool-b3edf8c2ab69.dedup,dedup:7047
CORR6527,6527,nautilus-prime-001,nautilus-prime-001,v7-tool-b5c37aa6a380,-120,v7-tool-b5c37aa6a380.dedup,dedup:6527
CORR5040,5040,nautilus-prime-001,nautilus-prime-001,v7-tool-b5c705a4b0af,-50,v7-tool-b5c705a4b0af.dedup,dedup:5040
CORR2373,2373,nautilus-prime-001,nautilus-prime-001,v7-tool-b9da20369193,-50,v7-tool-b9da20369193.dedup,dedup:2373
CORR8173,8173,nautilus-prime-001,nautilus-prime-001,v7-tool-ba36ae0c9559,-50,v7-tool-ba36ae0c9559.dedup,dedup:8173
CORR7030,7030,nautilus-prime-001,nautilus-prime-001,v7-tool-be89ef2036d0,-100,v7-tool-be89ef2036d0.dedup,dedup:7030
CORR3003,3003,nautilus-prime-001,nautilus-prime-001,v7-tool-bef5485db55d,-15,v7-tool-bef5485db55d.dedup,dedup:3003
CORR3300,3300,nautilus-prime-001,nautilus-prime-001,v7-tool-c3034f28aa68,-15,v7-tool-c3034f28aa68.dedup,dedup:3300
CORR1614,1614,nautilus-prime-001,nautilus-prime-001,v7-tool-c5e4f655bbc1,-30,v7-tool-c5e4f655bbc1.dedup,dedup:1614
CORR4631,4631,nautilus-prime-001,nautilus-prime-001,v7-tool-c6dafaddf271,-50,v7-tool-c6dafaddf271.dedup,dedup:4631
CORR1424,1424,nautilus-prime-001,nautilus-prime-001,v7-tool-cc2071470b0c,-60,v7-tool-cc2071470b0c.dedup,dedup:1424
CORR1573,1573,nautilus-prime-001,nautilus-prime-001,v7-tool-cd684658e7e0,-30,v7-tool-cd684658e7e0.dedup,dedup:1573
CORR2920,2920,nautilus-prime-001,nautilus-prime-001,v7-tool-cee3e64ca94d,-50,v7-tool-cee3e64ca94d.dedup,dedup:2920
CORR7831,7831,nautilus-prime-001,nautilus-prime-001,v7-tool-d03b767f916f,-80,v7-tool-d03b767f916f.dedup,dedup:7831
CORR5321,5321,nautilus-prime-001,nautilus-prime-001,v7-tool-d1b248940332,-50,v7-tool-d1b248940332.dedup,dedup:5321
CORR5099,5099,nautilus-prime-001,nautilus-prime-001,v7-tool-d23ba7d5667e,-50,v7-tool-d23ba7d5667e.dedup,dedup:5099
CORR2368,2368,nautilus-prime-001,nautilus-prime-001,v7-tool-d4285eac6cce,-30,v7-tool-d4285eac6cce.dedup,dedup:2368
CORR3170,3170,nautilus-prime-001,nautilus-prime-001,v7-tool-d460cad7a838,-30,v7-tool-d460cad7a838.dedup,dedup:3170
CORR3220,3220,nautilus-prime-001,nautilus-prime-001,v7-tool-d94349462b11,-10,v7-tool-d94349462b11.dedup,dedup:3220
CORR2284,2284,nautilus-prime-001,nautilus-prime-001,v7-tool-dc8cfd0266ef,-30,v7-tool-dc8cfd0266ef.dedup,dedup:2284
CORR6004,6004,nautilus-prime-001,nautilus-prime-001,v7-tool-de05a8328306,-100,v7-tool-de05a8328306.dedup,dedup:6004
CORR6292,6292,nautilus-prime-001,nautilus-prime-001,v7-tool-de4e5c2fedf1,-500,v7-tool-de4e5c2fedf1.dedup,dedup:6292
CORR7016,7016,nautilus-prime-001,nautilus-prime-001,v7-tool-eb6e7a355180,-80,v7-tool-eb6e7a355180.dedup,dedup:7016
CORR6095,6095,nautilus-prime-001,nautilus-prime-001,v7-tool-eda0ccb05e0e,-30,v7-tool-eda0ccb05e0e.dedup,dedup:6095
CORR1097,1097,nautilus-prime-001,nautilus-prime-001,v7-tool-f1054801f497,-50,v7-tool-f1054801f497.dedup,dedup:1097
CORR6100,6100,nautilus-prime-001,nautilus-prime-001,v7-tool-f1b3ee4cc8fc,-500,v7-tool-f1b3ee4cc8fc.dedup,dedup:6100
CORR6893,6893,nautilus-prime-001,nautilus-prime-001,v7-tool-f1e303c91569,-20,v7-tool-f1e303c91569.dedup,dedup:6893
CORR7859,7859,nautilus-prime-001,nautilus-prime-001,v7-tool-f4269fca6906,-30,v7-tool-f4269fca6906.dedup,dedup:7859
CORR2707,2707,nautilus-prime-001,nautilus-prime-001,v7-tool-f4afc2424fe2,-30,v7-tool-f4afc2424fe2.dedup,dedup:2707
CORR5455,5455,nautilus-prime-001,nautilus-prime-001,v7-tool-f4e12f7b3f0a,-25,v7-tool-f4e12f7b3f0a.dedup,dedup:5455
CORR6391,6391,nautilus-prime-001,nautilus-prime-001,v7-tool-fcc590bc679f,-30,v7-tool-fcc590bc679f.dedup,dedup:6391
CORR6454,6454,nautilus-prime-001,nautilus-prime-001,v7-tool-fcc590bc679f,-30,v7-tool-fcc590bc679f.dedup,dedup:6454
CORR7873,7873,nautilus-prime-001,nautilus-prime-001,v7-tool-fd252d207a5b,-50,v7-tool-fd252d207a5b.dedup,dedup:7873
CORR1285,1285,nautilus-prime-001,nautilus-prime-001,v7-v7flip_1778375423,-100,v7-v7flip_1778375423.dedup,dedup:1285
CORR1009,1009,nautilus-prime-001,nautilus-prime-001,v7-v7plan_1778640012407_01,-100,v7-v7plan_1778640012407_01.dedup,dedup:1009
CORR7995,7995,v5,v5,b-turbo-f046,-10,b-turbo-f046.dedup,dedup:7995
CORR7997,7997,v5,v5,b-turbo-f047,-10,b-turbo-f047.dedup,dedup:7997
CORR7999,7999,v5,v5,b-turbo-f048,-10,b-turbo-f048.dedup,dedup:7999
CORR8001,8001,v5,v5,b-turbo-f049,-10,b-turbo-f049.dedup,dedup:8001
CORR8003,8003,v5,v5,b-turbo-f051,-10,b-turbo-f051.dedup,dedup:8003
CORR8005,8005,v5,v5,b-turbo-f052,-10,b-turbo-f052.dedup,dedup:8005
CORR8007,8007,v5,v5,b-turbo-f053,-10,b-turbo-f053.dedup,dedup:8007
CORR8009,8009,v5,v5,b-turbo-f054,-10,b-turbo-f054.dedup,dedup:8009
CORR8011,8011,v5,v5,b-turbo-f055,-10,b-turbo-f055.dedup,dedup:8011
CORR8013,8013,v5,v5,b-turbo-f056,-10,b-turbo-f056.dedup,dedup:8013
CORR8015,8015,v5,v5,b-turbo-f057,-10,b-turbo-f057.dedup,dedup:8015
CORR8017,8017,v5,v5,b-turbo-f058,-10,b-turbo-f058.dedup,dedup:8017
CORR8019,8019,v5,v5,b-turbo-f059,-10,b-turbo-f059.dedup,dedup:8019
CORR8021,8021,v5,v5,b-turbo-f060,-10,b-turbo-f060.dedup,dedup:8021
CORR8025,8025,9000018,v5,b-turbo-f062,-10,b-turbo-f062.dedup,dedup:8025
CORR8027,8027,9000018,v5,b-turbo-f063,-10,b-turbo-f063.dedup,dedup:8027
CORR8029,8029,9000018,v5,b-turbo-f064,-10,b-turbo-f064.dedup,dedup:8029
CORR8031,8031,9000018,v5,b-turbo-f066,-10,b-turbo-f066.dedup,dedup:8031
CORR8033,8033,9000018,v5,b-turbo-f067,-10,b-turbo-f067.dedup,dedup:8033
CORR8035,8035,9000018,v5,b-turbo-f068,-10,b-turbo-f068.dedup,dedup:8035
CORR8037,8037,9000018,v5,b-turbo-f069,-10,b-turbo-f069.dedup,dedup:8037
CORR8039,8039,9000018,v5,b-turbo-f070,-10,b-turbo-f070.dedup,dedup:8039
CORR8041,8041,9000018,v5,b-turbo-f072,-10,b-turbo-f072.dedup,dedup:8041
CORR8043,8043,9000018,v5,b-turbo-f074,-10,b-turbo-f074.dedup,dedup:8043
CORR8045,8045,9000018,v5,b-turbo-f075,-10,b-turbo-f075.dedup,dedup:8045
CORR8051,8051,9000018,v5,b-turbo-f077,-10,b-turbo-f077.dedup,dedup:8051
CORR8053,8053,9000018,v5,b-turbo-f081,-10,b-turbo-f081.dedup,dedup:8053
CORR8055,8055,9000018,v5,b-turbo-f082,-10,b-turbo-f082.dedup,dedup:8055
CORR8057,8057,9000018,v5,b-turbo-f083,-10,b-turbo-f083.dedup,dedup:8057
CORR8059,8059,9000018,v5,b-turbo-f084,-10,b-turbo-f084.dedup,dedup:8059
CORR8061,8061,9000018,v5,b-turbo-f087,-10,b-turbo-f087.dedup,dedup:8061
CORR8063,8063,9000018,v5,b-turbo-f091,-10,b-turbo-f091.dedup,dedup:8063
CORR8065,8065,9000018,v5,b-turbo-f092,-10,b-turbo-f092.dedup,dedup:8065
CORR8067,8067,9000018,v5,b-turbo-f094,-10,b-turbo-f094.dedup,dedup:8067
CORR8069,8069,9000018,v5,b-turbo-f095,-10,b-turbo-f095.dedup,dedup:8069
CORR8071,8071,9000018,v5,b-turbo-f101,-10,b-turbo-f101.dedup,dedup:8071
CORR8073,8073,9000018,v5,b-turbo-f102,-10,b-turbo-f102.dedup,dedup:8073
CORR8075,8075,9000018,v5,b-turbo-f103,-10,b-turbo-f103.dedup,dedup:8075
CORR8077,8077,9000018,v5,b-turbo-f104,-10,b-turbo-f104.dedup,dedup:8077
CORR8079,8079,9000018,v5,b-turbo-f105,-10,b-turbo-f105.dedup,dedup:8079
CORR8081,8081,9000018,v5,b-turbo-f107,-10,b-turbo-f107.dedup,dedup:8081
CORR8083,8083,9000018,v5,b-turbo-f109,-10,b-turbo-f109.dedup,dedup:8083
CORR8085,8085,9000018,v5,b-turbo-f110,-10,b-turbo-f110.dedup,dedup:8085
CORR8087,8087,9000018,v5,b-turbo-f112,-10,b-turbo-f112.dedup,dedup:8087
CORR8089,8089,9000018,v5,b-turbo-f113,-10,b-turbo-f113.dedup,dedup:8089
CORR8091,8091,9000018,v5,b-turbo-f114,-10,b-turbo-f114.dedup,dedup:8091
CORR8093,8093,9000018,v5,b-turbo-f115,-10,b-turbo-f115.dedup,dedup:8093
CORR8095,8095,9000018,v5,b-turbo-f116,-10,b-turbo-f116.dedup,dedup:8095
CORR8097,8097,9000018,v5,b-turbo-f117,-10,b-turbo-f117.dedup,dedup:8097
CORR8099,8099,9000018,v5,b-turbo-f118,-10,b-turbo-f118.dedup,dedup:8099
CORR8101,8101,9000018,v5,b-turbo-f119,-10,b-turbo-f119.dedup,dedup:8101
CORR8103,8103,9000018,v5,b-turbo-f120,-10,b-turbo-f120.dedup,dedup:8103
CORR8105,8105,9000018,v5,b-turbo-f121,-10,b-turbo-f121.dedup,dedup:8105
CORR8107,8107,9000018,v5,b-turbo-f122,-10,b-turbo-f122.dedup,dedup:8107
CORR8109,8109,9000018,v5,b-turbo-f123,-10,b-turbo-f123.dedup,dedup:8109
CORR8111,8111,9000018,v5,b-turbo-f124,-10,b-turbo-f124.dedup,dedup:8111
CORR8113,8113,9000018,v5,b-turbo-f125,-10,b-turbo-f125.dedup,dedup:8113
CORR8115,8115,9000018,v5,b-turbo-f126,-10,b-turbo-f126.dedup,dedup:8115
CORR8117,8117,9000018,v5,b-turbo-f127,-10,b-turbo-f127.dedup,dedup:8117
CORR8119,8119,9000018,v5,b-turbo-f128,-10,b-turbo-f128.dedup,dedup:8119
CORR8121,8121,9000018,v5,b-turbo-f129,-10,b-turbo-f129.dedup,dedup:8121
CORR8123,8123,9000018,v5,b-turbo-f130,-10,b-turbo-f130.dedup,dedup:8123
CORR8131,8131,9000018,v5,b-turbo-f131,-10,b-turbo-f131.dedup,dedup:8131
CORR8133,8133,9000018,v5,b-turbo-f132,-10,b-turbo-f132.dedup,dedup:8133
CORR8135,8135,9000018,v5,b-turbo-f133,-10,b-turbo-f133.dedup,dedup:8135
CORR8137,8137,9000018,v5,b-turbo-f134,-10,b-turbo-f134.dedup,dedup:8137
CORR8139,8139,9000018,v5,b-turbo-f135,-10,b-turbo-f135.dedup,dedup:8139
CORR8141,8141,9000018,v5,b-turbo-f139,-10,b-turbo-f139.dedup,dedup:8141
CORR8143,8143,9000018,v5,b-turbo-f140,-10,b-turbo-f140.dedup,dedup:8143
CORR8145,8145,9000018,v5,b-turbo-f141,-10,b-turbo-f141.dedup,dedup:8145
CORR8147,8147,9000018,v5,b-turbo-f147,-10,b-turbo-f147.dedup,dedup:8147
CORR8151,8151,9000018,v5,b-turbo-f168,-10,b-turbo-f168.dedup,dedup:8151
CORR8153,8153,9000018,v5,b-turbo-f169,-10,b-turbo-f169.dedup,dedup:8153
CORR8159,8159,9000018,v5,b-turbo-f172,-10,b-turbo-f172.dedup,dedup:8159
CORR8161,8161,9000018,v5,b-turbo-f173,-10,b-turbo-f173.dedup,dedup:8161
CORR8163,8163,9000018,v5,b-turbo-f174,-10,b-turbo-f174.dedup,dedup:8163
CORR8167,8167,9000018,v5,b-turbo-f176,-10,b-turbo-f176.dedup,dedup:8167
CORR8169,8169,9000018,v5,b-turbo-f184,-10,b-turbo-f184.dedup,dedup:8169
CORR8171,8171,9000018,v5,b-turbo-f185,-10,b-turbo-f185.dedup,dedup:8171
CORR8181,8181,9000018,v5,b-turbo-f201,-10,b-turbo-f201.dedup,dedup:8181
CORR8183,8183,9000018,v5,b-turbo-f202,-10,b-turbo-f202.dedup,dedup:8183
CORR8185,8185,9000018,v5,b-turbo-f203,-10,b-turbo-f203.dedup,dedup:8185
CORR8187,8187,9000018,v5,b-turbo-f204,-10,b-turbo-f204.dedup,dedup:8187
CORR8189,8189,9000018,v5,b-turbo-f205,-10,b-turbo-f205.dedup,dedup:8189
CORR8191,8191,9000018,v5,b-turbo-f210,-10,b-turbo-f210.dedup,dedup:8191
